Date,sumCTL,Year,substance,depressed,suicide,self_harm,stress_anxiety,relationship,bereavement,bully,isolated,eating,abuse,lgbtq,other,racism,covid_19,sexual_abuse,emotional_abuse,uspecified_abuse,Time
2019-01-01,116,234204,2,45,47,12,32,37,2,3,19,3,0,2,5,0,0,3,2,0,Before
2019-01-02,113,228147,2,56,35,12,38,49,5,3,24,1,3,0,8,0,0,2,10,0,Before
2019-01-03,158,319002,8,76,50,17,40,60,6,2,42,5,4,4,14,0,0,3,5,0,Before
2019-01-04,147,296793,5,77,56,17,49,63,5,7,39,1,3,4,7,0,0,5,4,0,Before
2019-01-05,126,254394,0,53,62,24,43,51,2,1,22,6,4,3,11,0,0,3,4,0,Before
2019-01-06,112,226128,2,51,39,16,32,41,6,2,23,6,3,2,6,0,0,3,6,0,Before
2019-01-07,137,276603,2,62,47,19,39,55,10,3,27,3,1,2,14,0,0,2,6,0,Before
2019-01-08,177,357363,6,75,57,16,69,73,9,2,39,4,3,2,20,0,0,5,1,0,Before
2019-01-09,129,260451,2,61,49,16,43,45,2,4,27,3,2,4,14,0,0,3,4,0,Before
2019-01-10,137,276603,3,58,40,18,34,52,6,6,42,5,3,3,12,0,0,3,8,0,Before
2019-01-11,135,272565,3,56,41,14,50,52,3,2,30,3,2,5,17,0,0,3,2,0,Before
2019-01-12,133,268527,7,62,34,18,38,51,4,6,32,3,3,3,17,0,0,6,4,0,Before
2019-01-13,143,288717,3,61,47,17,35,47,4,4,25,4,6,2,15,0,0,5,5,0,Before
2019-01-14,124,250356,3,52,31,22,43,49,7,6,18,2,0,4,12,0,0,3,2,0,Before
2019-01-15,120,242280,3,54,32,18,40,42,6,3,21,2,0,0,14,0,0,3,2,0,Before
2019-01-16,124,250356,5,45,36,13,42,47,8,2,22,4,2,1,9,0,0,2,4,0,Before
2019-01-17,108,218052,2,49,31,13,28,40,4,1,17,1,1,0,4,0,0,3,2,0,Before
2019-01-18,123,248337,4,59,36,20,42,37,4,3,31,6,3,1,10,0,0,4,3,0,Before
2019-01-19,103,207957,4,38,36,16,35,45,3,4,18,3,4,3,7,0,0,3,6,0,Before
2019-01-20,120,242280,3,58,45,10,21,47,7,3,31,1,2,1,12,0,0,5,1,0,Before
2019-01-21,122,246318,5,52,38,14,31,52,5,1,28,2,0,3,11,0,0,5,2,0,Before
2019-01-22,123,248337,2,45,37,13,30,46,4,4,26,4,3,4,13,0,0,4,1,0,Before
2019-01-23,152,306888,1,64,51,30,56,61,3,8,30,5,0,5,18,0,0,4,5,0,Before
2019-01-24,129,260451,2,46,36,13,41,47,2,7,36,3,6,2,11,0,0,3,7,0,Before
2019-01-25,138,278622,1,67,41,20,52,61,3,6,39,3,1,2,14,0,0,2,3,0,Before
2019-01-26,106,214014,2,33,24,19,36,40,3,0,23,7,0,6,15,0,0,1,0,0,Before
2019-01-27,126,254394,4,53,42,19,36,48,6,3,33,4,1,4,14,0,0,3,4,0,Before
2019-01-28,132,266508,0,49,46,23,36,45,6,2,26,7,0,3,14,0,0,2,1,0,Before
2019-01-29,162,327078,8,69,49,17,48,56,6,4,40,1,4,1,30,0,0,1,2,0,Before
2019-01-30,144,290736,6,57,44,16,43,54,7,2,30,5,0,2,14,0,0,0,4,0,Before
2019-01-31,122,246318,3,48,34,13,36,51,2,7,29,8,1,1,17,0,0,1,0,0,Before
2019-02-01,124,250356,1,49,35,12,35,55,3,5,26,4,0,1,8,0,0,3,7,0,Before
2019-02-02,128,258432,3,58,38,20,28,50,3,7,27,3,3,3,14,0,0,6,5,0,Before
2019-02-03,141,284679,1,47,50,14,41,49,5,1,33,5,2,2,15,0,0,5,8,0,Before
2019-02-04,127,256413,2,47,50,17,50,43,6,3,30,7,0,3,16,0,0,0,1,0,Before
2019-02-05,192,387648,1,88,54,21,53,74,9,8,50,10,4,3,16,0,0,1,5,0,Before
2019-02-06,145,292755,5,62,38,10,42,53,6,5,38,2,3,2,26,0,0,4,7,0,Before
2019-02-07,181,365439,5,90,44,12,61,75,8,5,47,5,5,3,12,0,0,3,8,0,Before
2019-02-08,131,264489,5,56,40,16,40,55,4,3,26,3,1,2,6,0,0,1,6,0,Before
2019-02-09,122,246318,2,58,41,8,36,46,5,3,24,6,1,4,16,0,0,2,4,0,Before
2019-02-10,118,238242,7,51,41,11,40,56,8,6,28,1,0,3,12,0,0,4,7,0,Before
2019-02-11,144,290736,5,55,54,20,41,64,10,5,23,3,4,5,18,0,0,3,3,0,Before
2019-02-12,142,286698,4,68,42,16,54,57,8,6,35,4,3,3,19,0,0,2,5,0,Before
2019-02-13,133,268527,5,59,34,16,51,52,7,6,28,4,4,3,12,0,0,3,7,0,Before
2019-02-14,119,240261,0,54,41,15,45,43,6,2,32,2,1,2,10,0,0,4,5,0,Before
2019-02-15,131,264489,1,52,43,15,35,59,4,5,30,0,2,4,12,0,0,3,4,0,Before
2019-02-16,112,226128,7,49,33,9,32,41,4,3,28,2,4,4,10,0,0,2,4,0,Before
2019-02-17,113,228147,3,36,37,10,35,43,3,5,22,0,1,2,13,0,0,6,6,0,Before
2019-02-18,136,274584,5,42,35,17,41,53,10,9,28,3,3,1,23,0,0,4,7,0,Before
2019-02-19,140,282660,2,59,54,18,46,50,6,4,24,6,6,1,12,0,0,4,8,0,Before
2019-02-20,135,272565,2,49,38,19,41,56,6,3,25,11,5,4,8,0,0,2,3,0,Before
2019-02-21,150,302850,1,57,46,16,54,50,4,3,29,5,2,2,12,0,0,6,4,0,Before
2019-02-22,125,252375,1,55,34,16,43,46,5,9,28,2,3,2,14,0,0,6,2,0,Before
2019-02-23,116,234204,2,50,30,13,30,41,5,2,29,3,1,3,15,0,0,1,4,0,Before
2019-02-24,108,218052,1,47,28,11,41,48,8,3,18,6,2,4,10,0,0,4,1,0,Before
2019-02-25,113,228147,2,52,43,14,34,46,4,1,32,4,4,1,14,0,0,4,7,0,Before
2019-02-26,133,268527,4,63,31,15,45,42,4,3,30,4,1,4,12,0,0,2,0,0,Before
2019-02-27,154,310926,3,59,47,15,48,60,4,6,31,3,3,1,17,0,0,3,5,0,Before
2019-02-28,129,260451,2,51,31,16,40,46,7,6,27,6,2,5,16,0,0,2,5,0,Before
2019-03-01,115,232185,0,50,36,11,43,41,4,6,26,2,1,1,14,0,0,0,4,0,Before
2019-03-02,122,246318,2,49,47,11,34,48,4,3,24,4,5,2,10,0,0,1,10,0,Before
2019-03-03,120,242280,3,60,45,19,41,47,3,4,24,3,5,2,11,0,0,3,7,0,Before
2019-03-04,110,222090,5,48,41,17,33,41,4,2,27,2,1,2,6,0,0,4,3,0,Before
2019-03-05,165,333135,4,75,50,15,52,72,7,7,43,6,3,3,11,0,0,3,4,0,Before
2019-03-06,202,407838,4,98,54,18,71,74,13,3,41,5,2,4,19,0,0,1,7,0,Before
2019-03-07,260,524940,4,127,59,24,89,87,14,3,60,7,3,3,28,0,0,6,6,0,Before
2019-03-08,177,357363,3,70,43,17,57,79,8,7,38,3,3,0,19,0,0,7,3,0,Before
2019-03-09,118,238242,1,51,31,16,38,49,4,3,22,5,2,1,17,0,0,2,4,0,Before
2019-03-10,124,250356,2,56,39,11,43,52,6,4,29,0,3,1,10,0,0,2,8,0,Before
2019-03-11,140,282660,3,58,43,13,32,58,4,7,24,0,2,3,16,0,0,5,3,0,Before
2019-03-12,117,236223,2,52,39,18,37,42,6,6,26,4,2,2,21,0,0,2,5,0,Before
2019-03-13,123,248337,4,56,43,14,40,54,5,5,30,4,5,5,8,0,0,2,11,0,Before
2019-03-14,130,262470,3,51,32,9,42,51,7,1,29,3,2,0,17,0,0,2,3,0,Before
2019-03-15,122,246318,2,45,32,12,35,42,7,4,20,9,1,1,12,0,0,4,3,0,Before
2019-03-16,109,220071,1,41,39,20,32,40,5,1,18,3,2,6,15,0,0,3,4,0,Before
2019-03-17,110,222090,5,48,40,13,35,44,6,4,24,5,5,6,7,0,0,6,8,0,Before
2019-03-18,118,238242,6,56,49,14,29,42,8,6,26,1,3,2,15,0,0,1,1,0,Before
2019-03-19,133,268527,0,59,38,22,39,54,4,4,29,2,1,2,14,0,0,0,4,0,Before
2019-03-20,141,284679,3,65,37,21,39,58,12,7,37,1,4,4,9,0,0,3,7,0,Before
2019-03-21,139,280641,8,70,45,19,47,58,7,5,28,4,5,2,21,0,0,4,6,0,Before
2019-03-22,122,246318,1,51,40,21,42,52,2,4,28,6,2,3,16,0,0,3,4,0,Before
2019-03-23,98,197862,2,43,25,11,31,38,2,3,22,4,0,2,12,0,0,2,1,0,Before
2019-03-24,113,228147,2,39,35,17,34,48,4,1,27,2,2,4,17,0,0,3,4,0,Before
2019-03-25,168,339192,4,74,54,22,45,56,8,4,33,4,3,3,25,0,0,5,2,0,Before
2019-03-26,162,327078,1,72,41,16,53,65,5,5,45,4,1,4,17,0,0,2,3,0,Before
2019-03-27,166,335154,2,73,41,26,46,61,4,1,40,4,1,2,20,0,0,2,4,0,Before
2019-03-28,143,288717,4,63,38,15,53,43,5,5,21,8,2,1,11,0,0,4,4,0,Before
2019-03-29,165,333135,4,59,49,22,60,55,13,12,33,2,0,5,14,0,0,1,5,0,Before
2019-03-30,108,218052,3,46,27,16,37,48,3,7,23,1,1,5,8,0,0,4,5,0,Before
2019-03-31,122,246318,3,60,51,18,36,42,7,2,31,7,3,5,10,0,0,3,3,0,Before
2019-04-01,147,296793,6,61,47,26,50,55,5,8,23,1,2,4,16,0,0,3,6,0,Before
2019-04-02,140,282660,0,61,44,17,44,49,6,1,22,8,2,2,16,0,0,4,4,0,Before
2019-04-03,156,314964,4,56,46,18,64,69,10,3,29,3,1,3,13,0,0,1,3,0,Before
2019-04-04,157,316983,3,60,44,20,47,47,4,2,24,4,2,4,22,0,0,7,7,0,Before
2019-04-05,129,260451,3,61,35,16,39,46,2,6,26,5,3,4,12,0,0,6,11,0,Before
2019-04-06,122,246318,0,53,45,24,39,48,5,8,25,2,2,3,12,0,0,2,3,0,Before
2019-04-07,113,228147,2,51,34,14,38,47,3,11,19,3,3,2,9,0,0,2,4,0,Before
2019-04-08,148,298812,0,59,60,19,44,59,8,4,32,7,2,8,8,0,0,4,4,0,Before
2019-04-09,128,258432,0,50,35,11,42,63,3,3,34,3,0,6,6,0,0,4,2,0,Before
2019-04-10,124,250356,1,50,37,17,46,38,5,9,25,11,2,1,16,0,0,1,3,0,Before
2019-04-11,137,276603,3,48,44,13,49,57,2,5,35,2,1,0,16,0,0,2,2,0,Before
2019-04-12,113,228147,2,39,32,14,34,48,3,5,28,4,2,1,11,0,0,2,4,0,Before
2019-04-13,138,278622,3,65,50,16,40,59,6,4,36,1,2,4,6,0,0,4,5,0,Before
2019-04-14,107,216033,0,48,33,11,41,41,3,5,16,3,1,3,13,0,0,0,2,0,Before
2019-04-15,118,238242,0,42,42,11,27,38,5,2,25,4,0,4,15,0,0,1,1,0,Before
2019-04-16,124,250356,3,41,40,27,39,40,3,2,17,5,4,2,10,0,0,3,5,0,Before
2019-04-17,115,232185,3,51,33,16,34,44,5,5,21,5,3,0,12,0,0,1,6,0,Before
2019-04-18,138,278622,1,68,47,18,45,44,6,5,25,5,2,3,15,0,0,6,3,0,Before
2019-04-19,130,262470,2,50,38,28,41,52,7,2,22,5,2,0,17,0,0,3,7,0,Before
2019-04-20,115,232185,2,38,36,19,42,48,4,2,35,5,1,2,18,0,0,3,3,0,Before
2019-04-21,101,203919,1,31,31,15,27,32,4,0,13,6,0,2,14,0,0,3,3,0,Before
2019-04-22,140,282660,1,62,48,14,43,48,5,4,29,6,1,4,15,0,0,6,3,0,Before
2019-04-23,157,316983,5,58,48,27,51,49,5,4,25,8,1,1,17,0,0,6,5,0,Before
2019-04-24,134,270546,1,47,49,18,35,47,7,4,24,7,2,2,11,0,0,5,3,0,Before
2019-04-25,146,294774,6,61,37,19,47,57,5,8,30,5,4,5,12,0,0,4,11,0,Before
2019-04-26,119,240261,5,38,39,24,35,46,4,8,26,3,1,2,12,0,0,1,4,0,Before
2019-04-27,112,226128,3,40,38,13,29,39,3,3,25,2,0,2,13,0,0,2,0,0,Before
2019-04-28,110,222090,6,40,36,11,28,48,4,1,22,3,2,1,6,0,0,3,2,0,Before
2019-04-29,147,296793,1,65,48,24,49,49,8,8,36,4,5,2,17,0,0,3,15,0,Before
2019-04-30,121,244299,3,52,30,10,56,37,4,5,20,4,1,1,17,0,0,1,3,0,Before
2019-05-01,130,262470,2,55,42,19,52,48,5,6,28,4,2,2,9,0,0,1,1,0,Before
2019-05-02,156,314964,3,59,51,20,48,59,3,9,26,9,3,3,23,0,0,3,6,0,Before
2019-05-03,126,254394,3,54,31,19,44,33,1,3,20,3,2,1,9,0,0,4,5,0,Before
2019-05-04,92,185748,0,43,30,15,26,30,4,5,25,2,0,0,11,0,0,1,2,0,Before
2019-05-05,111,224109,5,41,42,10,33,39,2,4,26,0,2,6,14,0,0,2,6,0,Before
2019-05-06,114,230166,3,45,42,15,37,43,5,2,24,5,1,4,9,0,0,3,7,0,Before
2019-05-07,123,248337,5,49,42,12,43,40,3,3,18,1,0,2,16,0,0,2,3,0,Before
2019-05-08,145,292755,1,67,44,18,45,51,5,7,30,5,1,5,11,0,0,6,3,0,Before
2019-05-09,118,238242,1,45,33,21,36,52,6,4,23,3,0,2,11,0,0,3,3,0,Before
2019-05-10,102,205938,1,45,16,5,40,36,4,3,16,5,0,3,16,0,0,2,0,0,Before
2019-05-11,100,201900,3,35,22,8,46,37,4,1,19,4,3,1,14,0,0,5,3,0,Before
2019-05-12,114,230166,1,42,39,23,38,39,7,2,23,4,1,1,22,0,0,2,5,0,Before
2019-05-13,119,240261,2,49,39,16,50,38,4,5,30,3,1,2,16,0,0,4,2,0,Before
2019-05-14,131,264489,2,49,38,12,45,55,3,3,24,8,3,3,15,0,0,8,4,0,Before
2019-05-15,124,250356,1,53,31,18,39,53,0,2,18,5,1,3,10,0,0,3,3,0,Before
2019-05-16,148,298812,3,58,40,8,35,59,7,3,29,2,2,1,14,0,0,3,4,0,Before
2019-05-17,126,254394,2,50,37,16,45,53,5,9,34,2,3,0,19,0,0,1,6,0,Before
2019-05-18,118,238242,4,43,40,12,42,49,5,2,21,2,5,1,20,0,0,2,6,0,Before
2019-05-19,154,310926,7,68,45,10,50,68,6,8,39,6,8,1,20,0,0,4,10,0,Before
2019-05-20,141,284679,3,61,53,21,37,52,12,4,31,1,3,4,12,0,0,4,8,0,Before
2019-05-21,137,276603,0,61,43,20,65,53,4,6,30,3,2,3,5,0,0,4,3,0,Before
2019-05-22,132,266508,2,58,42,20,47,48,5,4,32,2,4,4,14,0,0,2,5,0,Before
2019-05-23,153,308907,6,77,41,19,51,53,4,2,30,5,0,2,26,0,0,3,3,0,Before
2019-05-24,85,171615,2,34,26,5,26,35,2,1,18,2,3,2,6,0,0,2,6,0,Before
2019-05-25,114,230166,2,49,28,13,33,41,5,4,25,1,1,0,13,0,0,1,3,0,Before
2019-05-26,109,220071,2,39,31,12,31,43,4,3,28,3,1,1,9,0,0,2,2,0,Before
2019-05-27,103,207957,1,35,30,13,29,49,5,2,20,2,4,2,13,0,0,4,3,0,Before
2019-05-28,124,250356,6,47,34,16,37,44,2,2,30,3,0,2,22,0,0,3,1,0,Before
2019-05-29,303,611757,10,117,57,21,87,152,8,3,65,4,4,2,34,0,0,7,10,0,Before
2019-05-30,335,676365,6,155,61,14,106,165,13,5,84,2,2,3,35,0,0,5,9,0,Before
2019-05-31,217,438123,2,76,44,12,46,94,7,1,49,4,6,1,34,0,0,3,5,0,Before
2019-06-01,163,329097,3,69,33,13,49,88,2,2,42,6,3,2,17,0,0,5,11,0,Before
2019-06-02,126,254394,3,58,33,11,34,56,5,2,34,2,2,2,17,0,0,2,0,0,Before
2019-06-03,139,280641,1,48,33,8,35,65,6,3,31,7,5,2,14,0,0,3,3,0,Before
2019-06-04,168,339192,4,76,35,17,44,76,11,2,31,1,3,2,26,0,0,10,9,0,Before
2019-06-05,152,306888,2,68,44,12,44,60,9,2,32,2,0,3,19,0,0,1,2,0,Before
2019-06-06,167,337173,5,61,44,11,50,60,6,3,31,6,3,2,30,0,0,6,6,0,Before
2019-06-07,149,300831,1,58,36,17,44,68,1,4,22,6,4,1,19,0,0,2,6,0,Before
2019-06-08,135,272565,2,57,30,13,34,56,5,1,37,5,3,5,13,0,0,5,5,0,Before
2019-06-09,125,252375,5,59,38,13,36,60,3,1,29,2,2,3,14,0,0,10,2,0,Before
2019-06-10,129,260451,3,54,48,16,45,65,7,2,27,2,2,6,11,0,0,3,4,0,Before
2019-06-11,213,430047,9,93,50,23,63,99,12,4,60,4,3,6,27,0,0,5,10,0,Before
2019-06-12,260,524940,3,109,41,13,59,128,8,6,66,13,7,4,30,0,0,4,8,0,Before
2019-06-13,192,387648,4,85,39,21,53,81,6,2,49,2,4,4,18,0,0,8,5,0,Before
2019-06-14,181,365439,5,70,35,12,48,76,7,5,52,10,5,3,22,0,0,4,7,0,Before
2019-06-15,162,327078,2,71,48,22,48,73,8,4,37,4,4,3,25,0,0,5,8,0,Before
2019-06-16,129,260451,0,48,44,15,39,70,9,6,32,2,1,7,16,0,0,4,7,0,Before
2019-06-17,142,286698,5,59,38,9,33,70,10,2,34,7,6,3,15,0,0,6,4,0,Before
2019-06-18,146,294774,3,56,36,18,40,66,3,2,35,4,5,3,12,0,0,7,7,0,Before
2019-06-19,141,284679,3,63,33,10,40,56,4,2,28,5,2,3,25,0,0,5,4,0,Before
2019-06-20,113,228147,1,58,36,11,27,46,5,4,23,4,6,6,7,0,0,4,5,0,Before
2019-06-21,162,327078,4,68,42,15,39,69,9,4,45,3,4,1,25,0,0,5,7,0,Before
2019-06-22,125,252375,3,48,34,9,38,51,5,3,32,2,2,1,18,0,0,4,6,0,Before
2019-06-23,119,240261,3,50,32,10,30,59,3,3,34,0,1,2,13,0,0,3,8,0,Before
2019-06-24,145,292755,3,56,32,14,54,63,6,3,28,1,6,2,20,0,0,1,15,0,Before
2019-06-25,154,310926,2,72,35,16,51,47,7,2,42,3,2,3,17,0,0,2,6,0,Before
2019-06-26,152,306888,6,59,47,12,43,67,5,2,36,1,4,3,27,0,0,3,9,0,Before
2019-06-27,141,284679,6,64,45,18,50,58,5,4,35,2,3,4,17,0,0,3,9,0,Before
2019-06-28,132,266508,3,57,35,17,34,46,1,2,26,7,1,2,16,0,0,1,1,0,Before
2019-06-29,123,248337,0,53,42,12,33,50,1,2,34,4,4,3,12,0,0,5,4,0,Before
2019-06-30,109,220071,2,40,26,11,35,42,5,0,29,0,2,2,13,0,0,1,3,0,Before
2019-07-01,126,254394,5,44,39,15,40,50,5,0,25,5,3,2,17,0,0,0,5,0,Before
2019-07-02,136,274584,2,62,41,20,43,57,3,6,35,2,3,4,11,0,0,4,11,0,Before
2019-07-03,124,250356,3,57,29,19,44,48,5,1,32,2,3,5,12,0,0,1,9,0,Before
2019-07-04,100,201900,3,49,37,16,22,32,3,1,18,5,2,0,14,0,0,0,2,0,Before
2019-07-05,92,185748,3,33,27,10,28,35,7,2,22,2,3,3,9,0,0,2,5,0,Before
2019-07-06,101,203919,1,43,34,15,35,42,5,2,22,2,2,3,13,0,0,0,5,0,Before
2019-07-07,114,230166,7,52,28,7,43,53,6,4,30,1,2,1,18,0,0,5,5,0,Before
2019-07-08,142,286698,2,60,43,16,53,58,6,7,36,4,5,5,20,0,0,8,10,0,Before
2019-07-09,119,240261,5,51,28,9,36,51,3,3,29,3,0,3,12,0,0,2,2,0,Before
2019-07-10,114,230166,3,49,29,10,41,36,4,4,21,2,4,3,17,0,0,3,9,0,Before
2019-07-11,128,258432,4,55,32,13,42,50,10,3,25,5,5,2,16,0,0,7,9,0,Before
2019-07-12,239,482541,5,103,47,17,56,114,13,6,56,5,7,3,30,0,0,9,8,0,Before
2019-07-13,205,413895,4,84,53,11,54,94,23,4,45,6,0,4,28,0,0,2,4,0,Before
2019-07-14,146,294774,4,62,37,12,43,60,7,0,45,4,5,2,24,0,0,3,9,0,Before
2019-07-15,163,329097,5,67,44,11,53,73,4,6,33,4,2,1,14,0,0,0,14,0,Before
2019-07-16,139,280641,4,59,46,13,49,49,4,4,36,8,5,1,20,0,0,2,9,0,Before
2019-07-17,160,323040,1,66,50,19,53,71,11,1,34,4,3,0,16,0,0,5,5,0,Before
2019-07-18,124,250356,6,59,39,15,41,50,7,3,32,7,1,4,21,0,0,4,1,0,Before
2019-07-19,139,280641,2,72,34,11,54,61,6,2,32,8,1,1,14,0,0,2,3,0,Before
2019-07-20,154,310926,0,63,29,18,45,69,10,4,41,23,3,4,20,0,0,0,6,0,Before
2019-07-21,155,312945,1,64,43,16,41,59,10,2,43,5,3,4,13,0,0,3,2,0,Before
2019-07-22,119,240261,2,55,34,13,38,51,4,2,25,9,4,3,10,0,0,1,2,0,Before
2019-07-23,153,308907,5,64,37,13,61,56,5,4,24,10,3,6,16,0,0,4,7,0,Before
2019-07-24,141,284679,3,51,39,17,53,61,5,1,24,4,1,4,16,0,0,2,5,0,Before
2019-07-25,123,248337,2,43,34,12,34,43,4,3,25,4,5,2,26,0,0,5,6,0,Before
2019-07-26,124,250356,2,58,46,16,35,57,6,1,34,4,1,4,9,0,0,5,2,0,Before
2019-07-27,135,272565,6,67,41,19,52,53,2,3,33,6,4,3,19,0,0,7,2,0,Before
2019-07-28,140,282660,4,57,40,15,58,52,6,5,27,2,7,1,14,0,0,4,6,0,Before
2019-07-29,124,250356,6,57,30,14,49,48,6,3,26,4,2,1,15,0,0,4,7,0,Before
2019-07-30,136,274584,4,57,39,12,45,52,4,3,24,4,4,3,10,0,0,2,6,0,Before
2019-07-31,140,282660,3,71,42,20,53,55,5,6,36,4,6,4,18,0,0,6,9,0,Before
2019-08-01,123,248337,3,58,28,12,39,49,7,5,20,5,1,0,12,0,0,4,8,0,Before
2019-08-02,109,220071,4,53,28,13,52,48,6,1,34,1,3,2,13,0,0,3,7,0,Before
2019-08-03,103,207957,4,44,36,11,36,42,0,3,30,6,2,4,8,0,0,3,7,0,Before
2019-08-04,121,244299,6,54,41,11,29,37,2,1,21,10,4,1,14,0,0,1,3,0,Before
2019-08-05,135,272565,3,51,38,12,45,42,7,5,27,4,3,6,22,0,0,2,4,0,Before
2019-08-06,133,268527,2,52,35,13,42,55,8,3,29,7,4,5,13,0,0,7,7,0,Before
2019-08-07,155,312945,6,64,42,21,64,55,9,6,25,8,3,0,12,0,0,6,4,0,Before
2019-08-08,121,244299,3,46,32,14,40,51,6,4,29,6,1,0,17,0,0,2,2,0,Before
2019-08-09,121,244299,3,44,40,4,40,42,5,2,27,1,2,2,22,0,0,4,6,0,Before
2019-08-10,113,228147,2,42,33,11,37,40,9,5,19,3,3,3,14,0,0,5,6,0,Before
2019-08-11,104,209976,7,47,32,16,39,37,3,1,17,3,1,2,11,0,0,3,3,0,Before
2019-08-12,103,207957,7,36,35,14,36,44,1,7,27,2,2,2,14,0,0,3,3,0,Before
2019-08-13,120,242280,6,62,44,14,38,50,5,5,28,4,3,3,9,0,0,2,6,0,Before
2019-08-14,114,230166,7,53,31,7,48,53,5,5,19,4,1,4,12,0,0,4,4,0,Before
2019-08-15,102,205938,4,38,24,11,28,45,5,1,22,0,1,1,14,0,0,6,3,0,Before
2019-08-16,104,209976,3,45,23,5,32,41,4,6,22,6,1,3,13,0,0,3,4,0,Before
2019-08-17,97,195843,3,36,25,11,34,38,2,1,18,4,1,3,12,0,0,1,3,0,Before
2019-08-18,104,209976,5,49,30,10,37,34,7,0,28,1,2,2,12,0,0,3,6,0,Before
2019-08-19,117,236223,0,60,39,19,38,44,7,2,21,4,4,2,13,0,0,6,5,0,Before
2019-08-20,115,232185,6,42,40,10,42,37,2,3,24,2,1,4,9,0,0,4,4,0,Before
2019-08-21,119,240261,4,47,36,13,40,40,2,4,26,2,4,3,10,0,0,2,4,0,Before
2019-08-22,110,222090,5,39,38,12,33,44,11,2,29,1,3,1,16,0,0,4,11,0,Before
2019-08-23,132,266508,1,60,38,11,53,56,9,6,35,5,3,1,21,0,0,8,8,0,Before
2019-08-24,131,264489,0,59,48,15,47,60,6,4,32,5,4,2,17,0,0,3,7,0,Before
2019-08-25,133,268527,3,56,47,17,53,49,4,5,27,2,3,6,20,0,0,1,8,0,Before
2019-08-26,109,220071,5,47,34,11,36,39,1,4,30,2,1,1,16,0,0,1,5,0,Before
2019-08-27,131,264489,1,58,34,14,51,47,3,1,27,1,2,1,15,0,0,3,10,0,Before
2019-08-28,151,304869,5,62,47,18,58,69,6,4,40,3,7,8,16,0,0,6,10,0,Before
2019-08-29,124,250356,2,43,42,16,50,43,7,2,27,2,3,0,23,0,0,9,6,0,Before
2019-08-30,124,250356,2,49,37,13,42,45,5,5,35,1,2,0,13,0,0,4,5,0,Before
2019-08-31,106,214014,6,47,33,12,29,41,3,7,26,8,1,2,12,0,0,5,3,0,Before
2019-09-01,105,211995,8,38,30,16,44,40,4,4,27,5,3,1,7,0,0,1,9,0,Before
2019-09-02,135,272565,1,63,38,13,47,48,5,5,28,4,2,2,15,0,0,2,9,0,Before
2019-09-03,152,306888,7,61,45,17,53,50,7,5,29,6,2,6,15,0,0,4,8,0,Before
2019-09-04,141,284679,3,62,36,17,55,50,6,8,28,4,5,3,17,0,0,5,3,0,Before
2019-09-05,153,308907,5,67,47,20,52,57,4,3,34,6,2,3,14,0,0,2,7,0,Before
2019-09-06,114,230166,2,37,37,15,51,51,8,4,27,3,6,3,11,0,0,3,2,0,Before
2019-09-07,142,286698,2,55,42,19,42,64,6,3,35,3,0,2,17,0,0,1,0,0,Before
2019-09-08,140,282660,3,58,48,16,40,52,4,8,30,4,1,3,13,0,0,5,5,0,Before
2019-09-09,120,242280,5,47,40,22,40,51,8,1,24,3,1,3,14,0,0,1,6,0,Before
2019-09-10,149,300831,3,64,50,15,55,56,7,5,36,5,2,4,14,0,0,3,8,0,Before
2019-09-11,174,351306,3,77,52,18,61,56,12,1,40,3,2,3,22,0,0,2,1,0,Before
2019-09-12,148,298812,5,55,48,16,51,55,5,4,30,5,4,4,10,0,0,2,5,0,Before
2019-09-13,158,319002,2,63,38,13,59,61,9,9,30,5,3,3,15,0,0,5,9,0,Before
2019-09-14,129,260451,0,64,38,12,39,46,8,2,29,6,1,4,19,0,0,4,2,0,Before
2019-09-15,166,335154,2,78,62,24,57,66,7,4,41,8,2,4,12,0,0,2,6,0,Before
2019-09-16,169,341211,6,67,54,24,58,63,2,2,28,3,1,1,17,0,0,2,10,0,Before
2019-09-17,135,272565,3,49,44,10,61,53,9,3,28,5,4,0,20,0,0,6,8,0,Before
2019-09-18,148,298812,6,49,37,22,60,50,9,7,29,6,7,1,20,0,0,3,7,0,Before
2019-09-19,167,337173,2,70,48,27,66,65,6,12,45,5,2,2,17,0,0,7,5,0,Before
2019-09-20,147,296793,8,62,46,20,59,54,5,2,28,2,2,4,20,0,0,6,3,0,Before
2019-09-21,150,302850,3,63,30,19,54,58,5,2,42,5,4,0,19,0,0,4,9,0,Before
2019-09-22,121,244299,2,50,28,15,35,45,4,3,28,5,7,2,14,0,0,1,7,0,Before
2019-09-23,150,302850,2,62,46,18,56,59,3,3,34,5,2,1,14,0,0,11,7,0,Before
2019-09-24,138,278622,6,64,46,16,66,54,8,5,37,3,2,3,15,0,0,7,6,0,Before
2019-09-25,129,260451,1,59,41,19,43,42,9,6,30,5,1,3,19,0,0,4,4,0,Before
2019-09-26,145,292755,3,58,42,20,55,56,6,5,30,3,0,1,20,0,0,3,5,0,Before
2019-09-27,119,240261,1,49,40,10,47,42,9,3,31,2,2,3,18,0,0,0,3,0,Before
2019-09-28,129,260451,6,45,37,17,50,51,9,3,32,3,5,3,21,0,0,2,8,0,Before
2019-09-29,140,282660,1,54,48,18,44,49,1,9,26,7,2,2,14,0,0,7,7,0,Before
2019-09-30,133,268527,3,56,45,12,48,52,3,3,37,5,4,2,17,0,0,4,4,0,Before
2019-10-01,146,294774,5,46,54,14,56,50,8,3,30,3,1,2,25,0,0,0,3,0,Before
2019-10-02,154,310926,4,67,56,16,45,52,5,5,36,1,2,3,19,0,0,4,3,0,Before
2019-10-03,153,308907,4,59,53,15,61,63,5,6,30,5,4,5,28,0,0,2,3,0,Before
2019-10-04,130,262470,3,56,43,16,50,46,8,4,29,1,2,3,11,0,0,2,7,0,Before
2019-10-05,102,205938,6,49,29,13,30,41,2,0,29,5,0,1,9,0,0,2,2,0,Before
2019-10-06,120,242280,0,53,34,15,36,46,7,0,35,7,5,3,13,0,0,4,4,0,Before
2019-10-07,125,252375,3,47,34,13,45,42,7,3,31,2,3,3,17,0,0,5,5,0,Before
2019-10-08,139,280641,3,51,39,17,52,45,1,5,19,6,0,2,24,0,0,2,1,0,Before
2019-10-09,138,278622,1,63,49,14,53,64,5,5,32,3,5,1,13,0,0,3,12,0,Before
2019-10-10,144,290736,5,65,45,14,52,50,5,5,31,4,4,6,18,0,0,3,4,0,Before
2019-10-11,136,274584,1,57,36,16,39,45,3,5,30,5,3,2,21,0,0,6,9,0,Before
2019-10-12,119,240261,5,60,45,13,42,47,7,2,23,1,0,3,13,0,0,3,5,0,Before
2019-10-13,108,218052,6,48,36,14,42,44,1,3,19,6,1,0,13,0,0,4,3,0,Before
2019-10-14,137,276603,4,66,50,23,53,55,4,2,27,3,2,3,14,0,0,2,5,0,Before
2019-10-15,142,286698,2,73,40,19,56,51,6,6,29,7,2,4,8,0,0,3,8,0,Before
2019-10-16,153,308907,1,66,49,14,66,57,5,4,31,6,3,3,15,0,0,1,8,0,Before
2019-10-17,151,304869,2,60,38,13,56,45,4,6,30,4,3,1,18,0,0,3,5,0,Before
2019-10-18,142,286698,1,62,37,13,50,57,8,2,34,10,0,3,17,0,0,4,4,0,Before
2019-10-19,128,258432,1,58,52,20,39,46,5,2,28,9,3,1,20,0,0,5,7,0,Before
2019-10-20,133,268527,5,59,47,9,55,55,2,4,27,2,8,0,7,0,0,6,9,0,Before
2019-10-21,158,319002,4,70,60,18,65,71,6,5,40,2,2,2,14,0,0,5,3,0,Before
2019-10-22,156,314964,0,66,55,25,50,71,6,5,44,7,3,3,16,0,0,7,8,0,Before
2019-10-23,151,304869,3,59,42,13,53,58,9,2,27,3,3,3,19,0,0,3,7,0,Before
2019-10-24,128,258432,1,56,38,8,49,47,5,3,26,0,6,2,15,0,0,5,8,0,Before
2019-10-25,132,266508,2,64,44,18,49,55,6,7,27,2,3,4,11,0,0,5,4,0,Before
2019-10-26,129,260451,4,43,38,19,39,60,2,5,29,5,1,1,15,0,0,3,7,0,Before
2019-10-27,144,290736,2,70,43,14,52,60,3,4,36,6,2,4,12,0,0,2,8,0,Before
2019-10-28,156,314964,1,62,42,21,49,55,4,8,26,6,3,4,19,0,0,6,9,0,Before
2019-10-29,173,349287,1,76,47,15,61,63,10,5,36,7,4,6,18,0,0,5,8,0,Before
2019-10-30,149,300831,1,66,45,20,50,62,3,5,35,6,2,2,21,0,0,0,3,0,Before
2019-10-31,154,310926,2,72,45,18,54,57,8,7,36,5,3,1,19,0,0,2,9,0,Before
2019-11-01,127,256413,3,56,39,12,40,53,3,2,33,5,3,3,14,0,0,1,7,0,Before
2019-11-02,120,242280,3,62,38,15,42,48,7,4,34,2,2,1,10,0,0,1,7,0,Before
2019-11-03,117,236223,2,51,44,16,34,49,2,3,27,1,5,3,14,0,0,4,5,0,Before
2019-11-04,165,333135,2,80,55,16,55,71,9,3,37,5,3,4,20,0,0,3,3,0,Before
2019-11-05,159,321021,5,63,45,16,62,59,8,6,33,3,1,2,14,0,0,4,7,0,Before
2019-11-06,159,321021,4,77,53,21,64,61,6,3,42,5,2,1,16,0,0,3,8,0,Before
2019-11-07,70,141330,0,27,27,11,30,23,1,0,14,6,0,1,7,0,0,1,1,0,Before
2019-11-08,60,121140,1,32,22,9,23,25,0,2,13,3,0,2,8,0,0,0,3,0,Before
2019-11-09,51,102969,2,15,19,5,17,22,1,0,9,2,0,1,8,0,0,0,1,0,Before
2019-11-10,48,96912,3,24,19,9,17,24,3,2,11,2,1,0,1,0,0,1,2,0,Before
2019-11-11,58,117102,0,21,24,5,13,10,1,1,8,3,1,2,9,0,0,2,1,0,Before
2019-11-12,44,88836,2,22,17,7,18,13,2,0,12,2,0,0,5,0,0,2,2,0,Before
2019-11-13,47,94893,1,24,25,7,19,17,2,2,16,1,0,1,3,0,0,0,1,0,Before
2019-11-14,48,96912,1,27,14,8,23,18,1,3,16,0,1,1,4,0,0,0,3,0,Before
2019-11-15,49,98931,0,20,17,6,17,17,1,3,7,3,0,3,9,0,0,2,1,0,Before
2019-11-16,55,111045,0,26,22,7,22,19,1,3,11,4,1,0,4,0,0,4,3,0,Before
2019-11-17,45,90855,1,18,18,3,16,11,2,1,8,1,1,0,6,0,0,0,5,0,Before
2019-11-18,54,109026,2,23,19,7,15,13,1,0,5,1,0,1,6,0,0,1,2,0,Before
2019-11-19,53,107007,1,24,19,7,24,24,1,2,10,2,2,1,8,0,0,1,1,0,Before
2019-11-20,99,199881,1,40,37,13,40,33,7,4,21,2,0,4,7,0,0,4,6,0,Before
2019-11-21,139,280641,1,61,29,6,54,70,4,5,30,8,3,5,21,0,0,3,7,0,Before
2019-11-22,126,254394,3,54,39,16,46,54,7,5,25,4,3,1,14,0,0,4,8,0,Before
2019-11-23,108,218052,3,38,31,14,33,50,3,4,25,2,0,3,16,0,0,4,2,0,Before
2019-11-24,113,228147,3,47,38,17,32,49,4,2,31,7,2,3,9,0,0,2,1,0,Before
2019-11-25,120,242280,3,57,34,22,38,42,5,2,21,1,3,1,16,0,0,2,7,0,Before
2019-11-26,118,238242,1,44,36,13,32,45,12,2,18,4,5,4,17,0,0,4,3,0,Before
2019-11-27,133,268527,2,61,33,17,47,46,11,1,30,10,1,3,15,0,0,1,4,0,Before
2019-11-28,118,238242,1,38,40,17,40,51,7,4,23,4,1,1,13,0,0,3,4,0,Before
2019-11-29,103,207957,4,40,37,13,30,38,6,1,19,5,1,2,16,0,0,3,6,0,Before
2019-11-30,113,228147,3,43,34,11,40,47,6,5,22,3,3,3,16,0,0,3,9,0,Before
2019-12-01,130,262470,2,53,44,10,38,50,4,4,22,3,4,2,9,0,0,4,6,0,Before
2019-12-02,127,256413,6,43,31,18,41,48,3,5,23,2,2,2,13,0,0,6,4,0,Before
2019-12-03,124,250356,2,56,38,19,41,39,6,3,24,6,0,1,16,0,0,3,2,0,Before
2019-12-04,139,280641,3,73,33,21,57,55,10,3,25,2,2,1,19,0,0,1,2,0,Before
2019-12-05,134,270546,3,56,41,19,64,52,5,12,28,6,1,0,14,0,0,2,9,0,Before
2019-12-06,132,266508,4,55,46,16,37,48,9,3,24,4,3,4,14,0,0,2,5,0,Before
2019-12-07,121,244299,2,53,38,18,40,42,8,1,18,2,0,1,21,0,0,1,2,0,Before
2019-12-08,119,240261,1,45,38,8,41,38,1,2,23,3,6,2,15,0,0,3,7,0,Before
2019-12-09,121,244299,1,51,43,18,41,48,6,3,26,2,0,1,15,0,0,4,3,0,Before
2019-12-10,140,282660,4,61,48,18,51,62,6,3,32,2,1,2,18,0,0,3,4,0,Before
2019-12-11,135,272565,6,59,39,19,55,53,9,6,36,3,1,1,13,0,0,1,5,0,Before
2019-12-12,134,270546,8,55,36,9,53,52,9,4,39,3,4,2,19,0,0,1,5,0,Before
2019-12-13,135,272565,3,57,38,15,55,39,6,2,22,6,3,1,23,0,0,3,2,0,Before
2019-12-14,117,236223,1,49,31,12,44,47,5,6,23,6,5,1,16,0,0,2,5,0,Before
2019-12-15,123,248337,0,63,51,18,50,57,7,6,43,3,0,1,16,0,0,6,4,0,Before
2019-12-16,135,272565,6,57,37,21,38,38,4,4,35,6,7,0,14,0,0,4,6,0,Before
2019-12-17,104,209976,3,53,32,12,31,42,1,1,21,4,1,1,14,0,0,6,3,0,Before
2019-12-18,145,292755,1,64,41,16,48,52,5,5,32,3,4,2,14,0,0,5,4,0,Before
2019-12-19,122,246318,4,53,33,14,43,41,5,2,30,4,2,4,18,0,0,6,4,0,Before
2019-12-20,104,209976,1,45,37,14,33,42,7,6,24,2,5,2,6,0,0,9,6,0,Before
2019-12-21,108,218052,3,42,22,16,30,43,4,2,26,3,0,1,11,0,0,6,6,0,Before
2019-12-22,104,209976,4,40,35,18,46,42,3,0,19,5,4,0,8,0,0,5,3,0,Before
2019-12-23,127,256413,4,58,50,16,39,52,9,3,24,0,2,4,19,0,0,8,3,0,Before
2019-12-24,109,220071,3,45,31,19,37,44,8,4,27,4,1,4,15,0,0,2,5,0,Before
2019-12-25,104,209976,1,54,34,11,36,58,4,0,35,2,7,0,9,0,0,5,3,0,Before
2019-12-26,119,240261,2,54,43,12,37,43,5,2,35,3,5,3,13,0,0,7,6,0,Before
2019-12-27,131,264489,3,53,45,22,27,51,6,3,31,5,3,2,14,0,0,2,9,0,Before
2019-12-28,124,250356,4,38,38,11,35,57,7,4,27,6,2,2,21,0,0,1,3,0,Before
2019-12-29,125,252375,2,51,43,19,26,55,4,3,29,2,2,3,13,0,0,6,5,0,Before
2019-12-30,127,256413,2,58,40,18,38,56,0,4,24,6,4,1,13,0,0,5,5,0,Before
2019-12-31,120,242280,5,56,28,10,38,60,1,4,28,1,2,2,12,0,0,4,10,0,Before
2020-01-01,101,204020,1,37,35,10,28,35,0,3,24,3,2,4,12,0,0,3,5,0,Before
2020-01-02,137,276740,1,63,43,10,43,50,7,2,30,4,3,2,13,0,0,1,5,0,Before
2020-01-03,114,230280,1,49,42,20,36,47,11,3,16,2,3,5,13,0,0,3,3,0,Before
2020-01-04,114,230280,2,56,41,17,32,48,4,2,23,1,3,0,14,0,0,3,3,0,Before
2020-01-05,118,238360,3,47,33,24,33,48,4,4,19,4,0,0,12,0,0,6,1,0,Before
2020-01-06,101,204020,3,42,39,15,36,38,4,2,27,2,1,1,15,0,0,2,1,0,Before
2020-01-07,118,238360,3,49,32,21,47,52,5,1,35,5,3,4,7,0,0,5,6,0,Before
2020-01-08,94,189880,1,35,23,12,26,40,6,4,20,1,1,0,11,0,0,1,1,0,Before
2020-01-09,141,284820,5,69,48,19,60,50,3,3,33,4,2,3,19,0,0,3,6,0,Before
2020-01-10,150,303000,4,54,39,18,60,58,6,5,23,4,1,3,26,0,0,2,5,0,Before
2020-01-11,122,246440,3,47,29,22,32,50,5,3,26,5,1,4,19,0,0,2,6,0,Before
2020-01-12,122,246440,3,42,41,12,45,49,9,1,32,4,0,3,13,0,0,3,5,0,Before
2020-01-13,125,252500,5,45,35,16,46,45,6,3,28,1,2,2,16,0,0,3,4,0,Before
2020-01-14,128,258560,1,51,38,15,57,44,2,5,18,6,3,4,10,0,0,3,3,0,Before
2020-01-15,119,240380,2,54,36,14,51,55,4,2,19,6,1,4,10,0,0,2,6,0,Before
2020-01-16,133,268660,2,60,44,18,34,52,5,7,23,6,2,4,13,0,0,3,3,0,Before
2020-01-17,133,268660,3,59,34,20,47,58,6,3,37,4,3,2,17,0,0,3,4,0,Before
2020-01-18,126,254520,4,48,44,16,43,45,3,5,24,4,1,1,18,0,0,3,2,0,Before
2020-01-19,132,266640,2,52,47,19,52,48,5,4,25,4,6,1,11,0,0,4,4,0,Before
2020-01-20,126,254520,4,44,42,20,48,44,5,0,28,1,1,2,17,0,0,3,4,0,Before
2020-01-21,130,262600,4,57,37,18,50,43,3,4,32,1,2,3,11,0,0,3,5,0,Before
2020-01-22,104,210080,2,44,33,16,40,39,4,3,19,0,2,2,15,0,0,1,3,0,Before
2020-01-23,126,254520,4,50,37,13,43,39,4,3,38,7,0,0,12,0,0,3,2,0,Before
2020-01-24,125,252500,1,47,26,10,55,48,5,6,37,5,2,2,16,0,0,4,4,0,Before
2020-01-25,110,222200,3,40,37,15,32,51,4,4,25,3,0,2,7,0,0,1,4,0,Before
2020-01-26,123,248460,4,56,42,20,34,46,4,6,28,4,2,0,12,0,0,3,3,0,Before
2020-01-27,148,298960,6,56,42,19,47,51,4,1,25,9,2,0,22,0,0,7,3,0,Before
2020-01-28,123,248460,1,50,42,20,46,47,7,3,19,3,5,4,13,0,0,4,8,0,Before
2020-01-29,141,284820,2,63,30,24,49,45,6,7,23,4,3,2,8,0,0,4,2,0,Before
2020-01-30,158,319160,5,71,55,22,54,70,6,5,41,7,4,2,15,0,0,5,4,0,Before
2020-01-31,126,254520,1,58,38,17,38,43,3,5,28,4,4,3,16,0,0,6,5,0,Before
2020-02-01,133,268660,2,61,28,15,43,55,8,6,34,7,5,2,15,0,0,4,2,0,Before
2020-02-02,123,248460,6,47,31,15,42,46,4,2,26,5,3,3,13,0,0,1,4,0,Before
2020-02-03,153,309060,6,58,55,15,50,47,5,4,30,9,0,0,19,0,0,2,3,0,Before
2020-02-04,161,325220,3,66,44,21,45,62,5,4,24,6,3,4,17,0,0,4,4,0,Before
2020-02-05,175,353500,7,79,41,18,67,62,5,8,45,1,2,4,15,0,0,2,6,0,Before
2020-02-06,168,339360,3,76,64,23,71,54,7,4,47,6,4,2,16,0,0,4,7,0,Before
2020-02-07,153,309060,2,54,40,23,48,54,8,3,37,4,1,6,22,0,0,4,0,0,Before
2020-02-08,110,222200,3,50,24,8,35,44,2,1,23,5,2,1,23,0,0,4,3,0,Before
2020-02-09,129,260580,6,53,33,18,53,56,2,2,30,8,1,5,17,0,0,3,5,0,Before
2020-02-10,135,272700,5,58,32,21,46,41,1,3,25,4,0,1,18,0,0,2,2,0,Before
2020-02-11,120,242400,3,50,38,17,43,46,6,3,22,2,1,4,12,0,0,1,4,0,Before
2020-02-12,134,270680,6,50,41,19,47,58,6,4,31,5,1,2,15,0,0,5,4,0,Before
2020-02-13,138,278760,6,60,36,15,52,45,4,4,34,5,2,2,12,0,0,2,4,0,Before
2020-02-14,108,218160,3,44,35,15,43,49,3,5,31,1,7,5,10,0,0,5,8,0,Before
2020-02-15,126,254520,5,65,30,21,44,45,4,4,34,2,1,2,12,0,0,5,4,0,Before
2020-02-16,162,327240,3,73,55,23,53,62,4,8,41,4,3,0,15,0,0,4,5,0,Before
2020-02-17,150,303000,5,60,45,19,49,51,6,3,26,4,6,3,22,0,0,6,9,0,Before
2020-02-18,133,268660,3,50,31,25,51,51,6,8,25,0,1,4,11,0,0,7,5,0,Before
2020-02-19,137,276740,2,54,44,18,54,49,6,2,29,2,2,0,15,0,0,6,4,0,Before
2020-02-20,147,296940,5,61,42,17,63,61,3,5,30,2,2,1,13,0,0,3,8,0,Before
2020-02-21,151,305020,0,60,38,18,56,54,7,4,32,6,3,1,14,0,0,3,10,0,Before
2020-02-22,109,220180,0,45,27,12,39,44,2,4,25,2,2,3,11,0,0,4,3,0,Before
2020-02-23,134,270680,3,50,38,17,43,49,7,1,24,7,5,3,14,0,0,4,5,0,Before
2020-02-24,147,296940,4,57,45,19,56,55,2,4,27,5,4,3,14,0,0,6,7,0,Before
2020-02-25,141,284820,6,51,37,18,49,61,6,3,29,0,3,2,15,0,0,5,4,0,Before
2020-02-26,127,256540,10,53,44,17,48,51,6,2,30,3,2,2,14,0,0,1,5,0,Before
2020-02-27,150,303000,2,75,52,16,53,59,7,5,35,5,2,0,12,0,0,3,5,0,Before
2020-02-28,129,260580,5,57,40,10,44,48,11,5,25,2,2,1,17,0,0,3,4,0,Before
2020-02-29,138,278760,4,52,50,14,42,67,6,4,33,1,5,1,21,0,0,5,9,0,Before
2020-03-01,107,216140,1,38,36,17,33,38,2,7,14,5,0,0,11,0,0,5,3,0,Before
2020-03-02,148,298960,5,51,41,29,36,53,5,1,26,1,2,4,8,0,0,1,3,0,Before
2020-03-03,122,246440,2,38,35,18,40,37,8,5,17,5,1,3,13,0,0,2,3,0,Before
2020-03-04,145,292900,4,62,40,23,51,54,6,7,39,6,1,4,21,0,0,4,5,0,Before
2020-03-05,135,272700,1,63,37,17,38,48,10,10,33,4,2,1,13,0,0,4,3,0,Before
2020-03-06,140,282800,7,50,35,17,46,61,2,6,26,7,0,5,13,0,0,6,1,0,Before
2020-03-07,120,242400,3,42,25,16,34,44,7,5,24,5,2,2,15,0,0,4,7,0,Before
2020-03-08,113,228260,3,54,39,17,28,48,4,4,31,6,0,0,19,0,0,1,1,0,Before
2020-03-09,120,242400,6,46,37,17,36,43,4,2,28,8,2,1,14,0,0,3,7,0,Before
2020-03-10,135,272700,3,57,45,19,54,44,7,4,24,6,3,3,13,0,0,5,4,0,Before
2020-03-11,119,240380,5,52,41,22,30,53,5,2,19,4,3,1,13,0,0,2,5,0,Before
2020-03-12,138,278760,5,54,30,19,56,44,4,4,28,4,1,4,15,0,0,1,4,0,Before
2020-03-13,136,274720,5,41,41,15,53,47,3,9,29,5,4,3,18,0,1,3,3,0,Before
2020-03-14,139,280780,3,64,46,20,57,56,1,7,31,3,0,1,16,0,0,8,8,0,Before
2020-03-15,115,232300,3,54,33,20,31,38,4,6,31,2,4,2,11,0,3,5,6,0,Before
2020-03-16,172,347440,9,51,40,17,51,65,9,5,41,6,4,0,16,0,11,2,12,0,Before
2020-03-17,278,561560,8,85,57,28,88,95,10,4,58,5,5,3,29,0,76,4,8,0,Before
2020-03-18,157,317140,2,34,24,13,63,54,7,1,27,5,1,1,17,0,43,2,4,0,Before
2020-03-19,176,355520,4,60,39,19,71,73,6,3,36,4,4,1,16,0,38,4,7,0,Before
2020-03-20,161,325220,3,54,39,25,61,52,5,1,40,1,3,0,19,0,44,3,4,0,Before
2020-03-21,161,325220,3,57,40,13,63,53,7,2,44,3,1,2,15,0,44,3,4,0,Before
2020-03-22,164,331280,2,47,41,20,60,51,3,5,26,6,3,4,20,0,43,6,5,0,Before
2020-03-23,170,343400,4,57,49,18,68,65,4,3,42,5,4,4,21,0,37,4,6,0,Before
2020-03-24,148,298960,2,53,31,17,45,51,5,5,24,2,2,1,19,0,36,2,4,0,Before
2020-03-25,148,298960,2,40,28,15,64,42,3,3,31,6,1,0,14,0,35,3,0,0,Before
2020-03-26,159,321180,2,50,39,18,62,47,7,4,28,2,1,2,20,0,30,4,3,0,Before
2020-03-27,150,303000,2,42,33,19,64,52,5,0,29,2,0,1,14,0,36,3,4,0,Before
2020-03-28,143,288860,2,39,46,24,48,62,5,6,32,5,4,4,12,0,28,4,9,0,Before
2020-03-29,161,325220,4,48,47,26,61,63,6,2,37,4,4,2,12,0,20,5,7,0,Before
2020-03-30,156,315120,3,52,51,17,58,44,7,2,35,1,2,5,13,0,34,5,6,0,Before
2020-03-31,184,371680,8,68,46,31,62,59,10,3,35,2,4,4,22,0,34,5,6,0,Before
2020-04-01,138,278760,2,42,32,18,58,44,4,3,29,3,1,2,13,0,33,5,8,0,Before
2020-04-02,151,305020,7,48,32,25,52,51,2,5,26,4,2,4,11,0,33,3,5,0,Before
2020-04-03,168,339360,2,59,44,14,77,63,4,2,47,7,4,5,12,0,35,1,10,0,Before
2020-04-04,161,325220,5,47,50,16,61,58,6,5,40,4,0,3,20,0,28,2,4,0,Before
2020-04-05,149,300980,4,61,37,16,48,44,5,3,28,4,3,0,8,0,30,5,9,0,Before
2020-04-06,190,383800,3,58,50,31,70,69,9,1,34,7,8,4,13,0,29,2,7,0,Before
2020-04-07,175,353500,2,56,43,20,64,61,7,4,37,6,4,4,13,0,34,1,1,0,Before
2020-04-08,165,333300,3,57,35,27,60,58,3,1,30,1,3,1,13,0,26,4,10,0,Before
2020-04-09,151,305020,5,57,30,14,60,60,6,1,30,6,5,3,11,0,28,4,9,0,Before
2020-04-10,164,331280,3,64,42,24,67,63,9,0,42,6,1,3,20,0,31,4,8,0,Before
2020-04-11,149,300980,4,58,42,21,57,57,9,1,43,5,3,0,13,0,28,1,5,0,Before
2020-04-12,183,369660,6,69,58,26,59,68,8,4,41,5,4,3,25,0,26,4,8,0,Before
2020-04-13,160,323200,4,66,40,19,54,66,12,1,37,3,1,3,17,0,17,3,7,0,Before
2020-04-14,199,401980,3,77,46,26,80,74,9,3,47,5,3,3,18,0,36,1,4,0,Before
2020-04-15,162,327240,3,52,49,24,62,66,7,3,41,6,3,1,20,0,25,5,4,0,Before
2020-04-16,161,325220,4,55,31,34,60,55,9,4,35,4,3,4,13,0,20,3,3,0,Before
2020-04-17,180,363600,3,81,49,25,74,63,4,6,44,8,4,3,18,0,24,4,5,0,Before
2020-04-18,157,317140,3,61,37,18,64,63,15,6,48,2,4,4,15,0,23,3,11,0,Before
2020-04-19,159,321180,5,62,40,26,50,58,6,3,39,8,8,4,11,0,27,1,5,0,Before
2020-04-20,174,351480,7,61,35,21,74,60,13,2,43,4,2,3,13,0,17,3,5,0,Before
2020-04-21,184,371680,2,61,38,25,77,59,11,4,40,8,1,1,18,0,30,4,2,0,Before
2020-04-22,166,335320,3,57,29,22,70,62,9,3,27,2,3,5,16,0,24,0,5,0,Before
2020-04-23,169,341380,5,75,41,24,52,60,13,7,43,6,1,1,21,0,22,4,6,0,Before
2020-04-24,161,325220,5,70,45,23,59,50,7,3,37,8,2,2,17,0,17,7,6,0,Before
2020-04-25,148,298960,4,71,42,21,53,65,8,3,34,9,3,4,13,0,25,3,17,0,Before
2020-04-26,135,272700,2,57,41,20,45,51,7,2,28,2,2,3,12,0,15,2,2,0,Before
2020-04-27,174,351480,5,58,37,19,68,56,9,2,41,5,4,1,27,0,17,7,7,0,Before
2020-04-28,178,359560,11,72,49,17,58,68,12,5,34,7,2,4,14,0,18,3,8,0,Before
2020-04-29,177,357540,6,63,55,31,68,60,9,5,36,9,2,3,23,0,12,6,2,0,Before
2020-04-30,182,367640,5,69,46,26,65,70,5,5,40,4,7,3,20,0,16,2,14,0,Before
2020-05-01,148,298960,1,58,28,12,53,54,6,3,39,5,0,3,16,0,19,3,4,0,Before
2020-05-02,168,339360,3,63,39,28,53,56,7,5,45,6,8,4,21,0,19,4,14,0,Before
2020-05-03,155,313100,6,59,36,19,56,52,7,2,33,4,2,5,19,0,12,1,8,0,Before
2020-05-04,203,410060,4,73,54,23,73,74,8,6,55,7,4,3,19,0,21,5,12,0,Before
2020-05-05,174,351480,4,71,53,28,68,72,8,4,47,7,2,3,18,0,14,1,8,0,Before
2020-05-06,181,365620,8,78,44,36,79,52,10,4,45,8,3,5,18,0,15,5,7,0,Before
2020-05-07,162,327240,5,60,44,20,58,46,8,6,33,4,2,3,21,0,20,4,7,0,Before
2020-05-08,206,416120,2,77,44,19,79,70,6,4,56,6,3,5,32,0,25,5,8,0,Before
2020-05-09,169,341380,3,62,41,26,61,73,6,2,40,5,2,5,18,0,15,3,9,0,Before
2020-05-10,142,286840,4,39,30,18,45,47,6,3,27,4,0,1,17,0,8,5,8,0,Before
2020-05-11,203,410060,7,91,50,28,68,81,6,3,57,10,6,5,23,0,12,12,8,0,Before
2020-05-12,168,339360,3,62,30,18,54,58,10,2,53,6,3,3,14,0,13,7,11,0,Before
2020-05-13,186,375720,7,62,48,18,69,69,10,4,40,8,3,1,15,0,18,3,7,0,Before
2020-05-14,183,369660,5,71,43,24,66,67,10,5,33,6,2,6,24,0,17,3,10,0,Before
2020-05-15,166,335320,4,75,45,25,60,69,5,2,48,6,6,2,11,0,13,4,8,0,Before
2020-05-16,165,333300,5,56,31,17,55,57,9,1,38,8,2,1,20,0,13,5,6,0,Before
2020-05-17,134,270680,3,40,32,22,53,39,9,1,27,4,1,3,14,0,12,3,4,0,Before
2020-05-18,155,313100,4,54,38,24,54,62,7,2,33,11,2,0,21,0,15,4,6,0,Before
2020-05-19,166,335320,4,63,43,15,59,53,5,4,33,6,4,2,19,0,14,4,10,0,Before
2020-05-20,173,349460,3,60,37,12,75,56,5,0,38,4,5,8,19,0,18,8,5,0,Before
2020-05-21,179,361580,1,70,38,17,57,70,11,4,51,7,3,6,11,0,9,7,11,0,Before
2020-05-22,156,315120,5,53,46,24,53,53,12,3,41,4,2,5,24,0,17,3,5,0,Before
2020-05-23,148,298960,7,53,31,20,47,58,6,2,35,6,3,2,19,0,11,1,9,0,Before
2020-05-24,160,323200,3,64,40,17,57,56,9,2,51,6,2,4,10,0,12,7,3,0,Before
2020-05-25,153,309060,2,56,45,24,48,50,12,2,36,5,7,5,23,0,11,4,8,0,Before
2020-05-26,156,315120,4,56,36,26,35,57,7,5,37,3,0,2,20,0,10,6,5,1,Before
2020-05-27,160,323200,6,63,35,17,54,65,7,5,35,7,3,3,18,0,9,4,8,3,Before
2020-05-28,184,371680,6,69,44,24,58,60,12,3,46,3,5,9,21,0,6,7,5,3,Before
2020-05-29,147,296940,3,42,25,15,67,52,5,2,27,5,1,2,20,0,8,3,5,1,Before
2020-05-30,146,294920,1,39,37,14,58,56,5,4,35,2,1,5,18,0,12,3,7,2,Before
2020-05-31,145,292900,4,56,35,15,52,57,5,3,31,6,2,2,17,0,16,1,3,4,Before
2020-06-01,158,319160,2,60,41,18,54,63,9,6,36,4,1,0,19,0,10,4,2,5,Before
2020-06-02,148,298960,2,52,28,16,63,43,8,4,39,5,2,3,20,0,12,4,9,2,Before
2020-06-03,143,288860,2,49,32,14,51,52,9,3,43,3,2,4,15,0,5,6,5,5,Before
2020-06-04,158,319160,4,56,41,27,59,61,9,2,46,4,4,6,12,0,5,7,7,1,Before
2020-06-05,159,321180,4,63,31,19,62,61,11,2,42,3,3,1,22,0,7,7,4,2,Before
2020-06-06,173,349460,2,67,35,20,62,53,9,1,49,7,3,5,19,0,10,6,5,3,Before
2020-06-07,183,369660,6,61,54,28,68,69,11,2,45,6,6,4,17,0,9,4,4,3,Before
2020-06-08,169,341380,5,63,43,19,47,60,8,3,39,4,2,1,20,0,6,9,7,4,Before
2020-06-09,189,381780,3,74,45,32,65,63,10,4,51,4,1,3,23,0,8,7,9,2,Before
2020-06-10,173,349460,6,64,35,27,68,62,9,2,46,12,5,2,29,0,12,4,8,4,Before
2020-06-11,175,353500,7,76,36,16,67,65,12,4,39,5,10,8,20,0,7,7,9,5,Before
2020-06-12,148,298960,5,56,39,20,49,56,10,8,45,4,4,4,16,0,7,3,11,4,Before
2020-06-13,164,331280,6,53,33,18,56,64,13,4,46,6,1,4,26,0,9,2,4,4,Before
2020-06-14,160,323200,6,51,33,17,56,74,6,3,46,11,3,4,22,0,7,1,9,4,Before
2020-06-15,167,337340,4,63,47,22,62,44,12,6,44,8,2,2,16,0,7,7,7,1,Before
2020-06-16,181,365620,4,73,42,22,61,61,9,6,31,2,0,5,28,0,13,2,3,1,Before
2020-06-17,154,311080,7,62,40,19,61,63,6,2,39,6,2,2,13,0,11,1,5,3,Before
2020-06-18,160,323200,6,52,44,19,50,56,11,3,39,5,2,2,23,0,7,4,4,1,Before
2020-06-19,147,296940,8,47,29,24,48,62,8,5,41,2,0,2,19,0,6,1,8,3,Before
2020-06-20,139,280780,3,47,42,17,46,46,8,1,34,0,3,1,17,0,10,0,6,2,Before
2020-06-21,173,349460,9,63,36,25,56,62,14,3,36,8,3,4,17,0,8,10,5,3,Before
2020-06-22,186,375720,7,54,52,23,60,66,5,6,40,9,7,7,26,0,8,6,3,1,Before
2020-06-23,177,357540,0,70,39,18,55,72,2,2,42,5,1,1,19,0,9,11,7,4,Before
2020-06-24,180,363600,8,70,40,28,58,69,9,4,39,5,5,3,24,0,7,12,10,3,Before
2020-06-25,152,307040,3,60,39,20,41,53,10,3,41,4,2,3,22,0,9,2,6,3,Before
2020-06-26,164,331280,4,60,42,20,51,48,13,3,44,9,0,4,21,0,16,5,2,5,Before
2020-06-27,160,323200,3,53,34,22,51,61,5,4,28,7,0,4,19,0,18,5,3,2,Before
2020-06-28,141,284820,4,63,35,14,41,63,9,3,45,9,2,2,18,0,9,4,5,3,Before
2020-06-29,145,292900,3,51,37,15,44,53,3,5,35,9,4,2,15,0,12,1,7,3,Before
2020-06-30,165,333300,0,65,32,26,52,50,11,5,39,5,1,5,18,0,5,2,0,2,Before
2020-07-01,161,325220,6,58,35,25,57,48,7,1,31,10,6,5,21,0,6,5,8,7,Before
2020-07-02,192,387840,11,76,37,18,53,77,14,2,47,6,6,2,17,0,18,6,11,6,Before
2020-07-03,233,470660,4,103,57,29,70,82,13,5,71,4,2,3,24,0,15,3,9,6,Before
2020-07-04,381,769620,11,149,80,31,102,134,25,8,110,28,2,5,22,0,18,8,12,4,Before
2020-07-05,250,505000,6,92,50,22,61,89,17,4,83,5,5,2,28,0,8,5,13,8,Before
2020-07-06,281,567620,2,115,56,33,95,99,10,5,58,15,5,4,23,0,15,5,7,5,Before
2020-07-07,270,545400,5,114,67,28,82,116,14,5,68,15,1,5,22,0,12,6,6,4,Before
2020-07-08,214,432280,6,86,53,20,70,83,12,3,50,10,2,5,25,0,12,5,11,3,Before
2020-07-09,204,412080,5,94,48,23,60,76,12,6,49,7,2,4,17,0,12,4,11,2,Before
2020-07-10,251,507020,5,112,77,27,80,94,12,10,64,14,3,6,25,0,18,2,8,6,Before
2020-07-11,212,428240,5,79,59,23,75,64,11,6,52,10,3,3,29,0,9,4,7,3,Before
2020-07-12,185,373700,3,78,41,19,51,64,8,3,42,7,5,1,25,0,13,6,9,4,Before
2020-07-13,177,357540,2,61,40,23,58,66,11,4,45,4,1,4,22,0,11,2,3,2,Before
2020-07-14,245,494900,4,120,55,30,72,111,10,6,68,12,5,4,25,0,12,6,14,3,Before
2020-07-15,320,646400,8,123,63,33,94,133,20,11,89,15,6,5,29,0,23,4,9,3,Before
2020-07-16,291,587820,3,114,51,27,85,110,16,8,65,12,1,3,22,0,18,6,8,2,Before
2020-07-17,270,545400,8,101,52,31,82,95,13,5,66,12,2,6,28,0,10,5,8,2,Before
2020-07-18,223,450460,3,95,53,25,63,81,9,5,47,3,2,4,24,0,9,4,3,2,Before
2020-07-19,221,446420,5,99,47,37,73,86,16,5,49,11,4,5,24,0,10,1,6,1,Before
2020-07-20,239,482780,7,101,53,25,71,86,12,6,66,8,3,4,19,0,8,10,7,4,Before
2020-07-21,223,450460,3,92,47,21,64,75,8,1,53,10,2,4,27,0,12,4,5,1,Before
2020-07-22,201,406020,3,85,45,30,52,76,16,3,50,4,3,7,16,0,10,5,10,5,Before
2020-07-23,244,492880,2,102,62,23,71,90,13,6,61,13,4,6,25,0,10,6,9,2,Before
2020-07-24,246,496920,2,99,55,33,70,95,7,7,71,6,3,7,30,0,9,9,9,7,Before
2020-07-25,261,527220,3,94,39,30,75,97,12,11,79,6,3,6,26,0,12,5,12,1,Before
2020-07-26,258,521160,2,93,49,28,79,93,18,10,75,6,4,2,21,0,4,4,9,6,Before
2020-07-27,279,563580,4,111,61,33,82,110,10,10,81,11,5,3,21,0,17,7,10,1,Before
2020-07-28,259,523180,7,108,55,36,71,103,15,7,57,13,4,3,30,0,2,7,7,2,Before
2020-07-29,233,470660,5,84,54,27,74,80,4,5,38,9,4,8,30,0,10,6,9,2,Before
2020-07-30,259,523180,2,96,55,33,57,104,16,7,68,10,2,5,35,0,9,9,4,3,Before
2020-07-31,212,428240,4,79,50,22,61,93,9,2,41,5,3,5,18,0,8,5,3,6,Before
2020-08-01,210,424200,6,74,47,18,51,86,9,2,62,8,2,5,18,0,10,4,6,1,Before
2020-08-02,179,361580,4,73,41,22,52,66,9,5,41,4,1,4,15,0,5,5,7,7,Before
2020-08-03,165,333300,2,63,43,20,53,56,6,2,43,5,3,3,19,0,2,5,7,5,Before
2020-08-04,169,341380,3,63,38,22,64,65,5,2,38,8,2,0,17,0,7,5,2,2,Before
2020-08-05,185,373700,4,63,42,24,56,66,14,6,48,9,6,1,18,0,8,6,9,2,Before
2020-08-06,175,353500,3,59,46,27,54,65,5,3,33,10,2,5,19,0,10,4,3,3,Before
2020-08-07,176,355520,8,57,35,24,57,58,7,5,39,3,6,1,18,0,8,5,7,1,Before
2020-08-08,197,397940,1,77,44,29,59,71,13,4,42,9,2,6,20,0,9,8,2,1,Before
2020-08-09,188,379760,4,66,39,19,55,83,7,4,56,7,2,3,23,0,6,4,8,5,Before
2020-08-10,168,339360,1,54,39,24,46,56,7,4,35,5,2,2,18,0,5,5,4,4,Before
2020-08-11,174,351480,3,63,41,21,63,61,5,2,41,6,2,2,19,0,5,1,3,4,Before
2020-08-12,191,385820,2,67,49,25,51,59,8,7,35,8,6,3,23,0,10,6,11,2,Before
2020-08-13,174,351480,5,59,39,24,60,64,6,6,39,7,5,0,15,0,7,4,7,5,Before
2020-08-14,170,343400,1,70,31,19,68,52,7,6,30,8,3,2,14,0,6,5,7,4,Before
2020-08-15,156,315120,1,59,38,19,53,59,8,2,33,4,3,2,16,0,9,5,6,2,Before
2020-08-16,170,343400,2,55,43,19,50,49,5,7,39,7,4,2,15,0,5,2,5,5,Before
2020-08-17,136,274720,2,48,35,28,47,41,4,2,27,7,0,2,10,0,9,3,6,2,Before
2020-08-18,143,288860,6,60,29,17,42,48,7,3,28,3,1,2,16,0,5,2,1,3,Before
2020-08-19,142,286840,5,52,29,12,39,49,4,4,25,6,3,3,17,0,4,1,5,0,Before
2020-08-20,161,325220,1,60,33,17,59,58,8,5,29,1,2,1,22,0,6,4,4,2,Before
2020-08-21,149,300980,4,56,40,18,44,48,12,3,27,4,3,3,17,0,7,1,8,3,Before
2020-08-22,134,270680,3,47,26,17,35,49,8,3,30,3,3,3,17,0,3,2,2,2,Before
2020-08-23,155,313100,4,49,37,25,52,55,7,1,33,4,2,2,20,0,4,2,6,3,Before
2020-08-24,152,307040,2,54,36,18,51,43,7,5,33,4,2,3,13,0,5,0,5,1,Before
2020-08-25,162,327240,1,70,39,10,66,56,3,0,41,7,1,4,18,0,8,7,5,1,Before
2020-08-26,156,315120,3,56,37,20,52,51,6,3,22,6,3,0,19,0,4,1,7,2,Before
2020-08-27,168,339360,2,63,43,26,59,50,7,3,37,8,4,0,15,0,3,5,7,2,Before
2020-08-28,163,329260,4,59,38,15,58,56,12,2,31,10,0,4,18,0,5,4,4,4,Before
2020-08-29,139,280780,2,50,34,16,41,52,3,0,27,4,4,0,15,0,4,6,7,0,Before
2020-08-30,141,284820,1,45,30,22,49,57,7,0,28,3,2,5,16,0,3,6,7,3,Before
2020-08-31,188,379760,3,62,48,30,58,56,5,4,25,7,3,4,19,0,8,5,4,1,Before
2020-09-01,173,349460,2,54,38,26,59,58,12,4,29,8,2,3,20,0,6,5,2,2,Before
2020-09-02,167,337340,5,71,47,17,58,51,7,3,29,3,1,3,26,0,5,3,4,2,Before
2020-09-03,163,329260,1,76,38,22,55,47,7,4,27,10,2,2,13,0,9,3,3,2,Before
2020-09-04,163,329260,7,60,31,21,53,46,9,4,28,5,2,1,16,0,5,7,8,3,Before
2020-09-05,207,418140,3,83,37,26,66,67,9,7,50,9,2,7,27,0,3,5,7,1,Before
2020-09-06,191,385820,4,65,51,28,66,60,8,2,47,4,4,9,20,0,8,5,8,3,Before
2020-09-07,190,383800,7,59,55,20,52,59,10,6,47,5,1,2,20,0,9,7,8,2,Before
2020-09-08,191,385820,6,66,51,30,54,54,7,4,39,9,0,3,27,0,5,3,6,1,Before
2020-09-09,206,416120,2,79,46,25,74,75,10,5,54,6,1,7,19,0,3,4,5,3,Before
2020-09-10,196,395920,7,71,54,25,65,50,18,8,29,4,2,3,20,0,7,1,3,3,Before
2020-09-11,190,383800,7,71,47,25,64,79,12,4,36,8,1,3,20,0,4,2,6,2,Before
2020-09-12,175,353500,3,72,46,18,66,65,9,5,42,6,3,0,15,0,5,3,6,3,Before
2020-09-13,159,321180,5,51,29,19,55,56,8,6,30,9,2,0,16,0,3,0,5,0,Before
2020-09-14,192,387840,3,69,52,27,59,62,7,3,38,4,2,6,21,0,1,8,12,4,Before
2020-09-15,168,339360,2,62,48,22,61,50,6,2,32,10,2,5,16,0,4,5,7,3,Before
2020-09-16,180,363600,4,60,51,20,61,62,10,5,30,8,2,6,20,0,5,2,12,2,Before
2020-09-17,180,363600,3,79,52,30,63,55,6,7,45,13,3,3,22,0,5,6,11,2,Before
2020-09-18,185,373700,2,74,34,24,70,59,13,5,40,8,4,5,17,0,4,8,7,3,Before
2020-09-19,136,274720,2,51,41,17,49,39,6,0,29,5,2,1,19,0,1,5,2,4,Before
2020-09-20,158,319160,5,58,42,25,52,45,7,1,35,4,0,2,13,0,7,2,5,3,Before
2020-09-21,157,317140,4,60,45,14,59,49,9,2,35,6,1,7,16,0,5,6,3,1,Before
2020-09-22,167,337340,4,67,40,14,56,45,10,4,32,6,4,2,19,0,5,1,9,3,Before
2020-09-23,154,311080,3,57,36,26,56,40,7,3,24,5,1,1,23,0,2,1,4,1,Before
2020-09-24,176,355520,2,67,49,29,52,52,4,4,32,7,4,2,22,1,4,1,12,0,Before
2020-09-25,155,313100,2,54,41,20,45,53,5,7,30,2,2,7,18,1,5,7,8,2,Before
2020-09-26,132,266640,0,50,33,20,41,32,1,4,19,8,2,2,18,1,4,5,5,1,Before
2020-09-27,150,303000,2,62,42,30,45,45,7,3,34,2,2,1,9,0,3,4,2,4,Before
2020-09-28,196,395920,6,80,44,31,61,59,9,3,35,7,3,2,23,1,4,3,4,4,Before
2020-09-29,148,298960,1,57,38,22,56,42,5,1,34,5,2,3,12,1,8,1,2,0,Before
2020-09-30,144,290880,2,44,36,25,55,48,3,2,30,8,2,0,18,0,5,2,8,1,Before
2020-10-01,169,341380,9,67,46,16,55,55,15,3,43,2,0,0,20,0,7,4,2,2,Before
2020-10-02,143,288860,2,50,41,16,44,39,6,5,25,3,4,3,18,0,1,2,4,2,Before
2020-10-03,142,286840,3,52,31,13,39,42,10,3,33,3,0,1,15,0,3,2,6,2,Before
2020-10-04,125,252500,2,52,39,17,45,44,4,3,26,2,0,5,14,1,5,3,5,3,Before
2020-10-05,159,321180,5,67,39,16,34,53,9,5,27,2,0,2,17,0,5,3,6,1,Before
2020-10-06,153,309060,4,61,44,19,53,53,4,4,23,5,2,8,16,0,5,4,2,1,Before
2020-10-07,186,375720,2,62,48,24,62,74,7,1,28,3,2,4,15,0,11,4,3,3,Before
2020-10-08,131,264620,1,49,42,22,36,46,7,3,22,4,3,0,12,0,6,2,4,1,Before
2020-10-09,141,284820,2,57,48,15,55,46,4,0,20,4,0,1,10,1,6,4,2,2,Before
2020-10-10,173,349460,5,67,51,27,67,62,7,2,36,5,5,5,26,0,6,4,4,3,Before
2020-10-11,152,307040,2,45,38,15,44,50,5,3,34,6,3,1,22,0,6,6,5,2,Before
2020-10-12,174,351480,1,50,47,18,55,50,7,1,25,5,1,2,23,1,3,1,3,1,Before
2020-10-13,165,333300,5,64,40,27,52,47,5,3,30,5,5,3,18,1,7,4,4,1,Before
2020-10-14,147,296940,3,61,41,15,52,53,12,3,34,8,0,1,15,0,4,0,3,2,Before
2020-10-15,169,341380,4,70,44,18,63,54,7,4,28,5,1,3,19,0,6,4,7,1,Before
2020-10-16,141,284820,2,53,35,16,50,36,5,2,32,2,4,4,13,0,6,7,5,1,Before
2020-10-17,111,224220,4,47,36,13,36,39,5,2,25,0,1,0,19,0,5,0,6,1,Before
2020-10-18,130,262600,3,51,32,18,39,45,8,2,22,7,1,2,21,0,3,4,9,3,Before
2020-10-19,148,298960,6,53,40,18,52,51,4,2,30,3,2,5,19,3,4,2,1,1,Before
2020-10-20,159,321180,2,53,35,20,57,45,6,5,32,5,1,2,15,0,4,7,4,2,Before
2020-10-21,133,268660,4,54,36,17,42,38,7,1,21,5,3,4,19,0,4,3,1,0,Before
2020-10-22,163,329260,1,55,39,23,58,52,4,0,28,4,3,3,19,0,2,6,4,1,Before
2020-10-23,128,258560,3,50,36,15,43,47,4,1,29,3,0,4,19,0,4,1,5,1,Before
2020-10-24,110,222200,3,37,29,14,31,31,7,0,18,1,2,3,9,0,6,4,3,1,Before
2020-10-25,103,208060,3,43,21,19,27,32,3,2,28,0,2,2,11,0,5,3,1,0,Before
2020-10-26,156,315120,3,58,43,19,56,51,8,1,29,8,2,3,19,0,5,1,3,3,Before
2020-10-27,388,783760,9,165,57,26,128,148,24,6,74,8,2,5,53,0,9,3,13,5,Before
2020-10-28,660,1333200,16,320,92,19,226,265,49,5,137,10,7,5,79,1,17,10,17,6,Before
2020-10-29,489,987780,9,227,77,30,156,181,31,4,95,6,4,9,55,2,17,5,9,5,Before
2020-10-30,331,668620,4,140,70,24,101,120,16,8,64,7,4,6,34,0,7,6,8,3,Before
2020-10-31,239,482780,10,87,57,20,78,96,10,4,54,4,8,3,25,1,11,6,9,1,Before
2020-11-01,162,327240,5,70,38,16,55,56,10,1,38,4,1,3,13,0,4,2,4,4,Before
2020-11-02,245,494900,3,91,44,27,78,79,14,6,50,10,4,5,28,1,6,9,13,1,Before
2020-11-03,191,385820,7,65,45,26,69,59,18,1,37,8,1,7,24,0,7,1,3,0,Before
2020-11-04,269,543380,2,93,51,23,105,79,10,6,36,7,4,7,28,0,6,6,6,3,Before
2020-11-05,265,535300,10,97,57,32,89,95,14,7,63,8,4,11,17,2,7,9,4,1,Before
2020-11-06,247,498940,5,90,65,24,107,82,9,5,51,11,4,2,29,1,10,5,7,3,Before
2020-11-07,336,678720,2,139,73,34,87,118,17,13,89,13,6,7,37,0,7,10,6,7,Before
2020-11-08,216,436320,2,82,48,22,73,81,10,3,40,8,1,2,26,0,5,5,9,2,Before
2020-11-09,253,511060,9,99,54,25,82,79,15,5,56,7,0,2,23,0,3,6,3,4,Before
2020-11-10,311,628220,8,141,78,29,104,114,12,1,60,14,5,6,25,0,8,7,12,2,Before
2020-11-11,303,612060,4,118,65,28,104,91,18,6,71,13,2,8,28,0,9,9,7,3,Before
2020-11-12,255,515100,8,96,53,23,84,98,9,5,48,12,4,2,29,1,9,5,9,4,Before
2020-11-13,216,436320,2,81,49,25,69,68,8,4,48,8,0,4,27,0,7,3,1,4,Before
2020-11-14,190,383800,4,71,47,14,61,82,11,4,38,7,2,5,21,1,6,4,3,1,Before
2020-11-15,216,436320,1,75,60,24,71,80,13,1,43,5,1,2,17,0,7,6,5,4,Before
2020-11-16,200,404000,5,82,47,22,68,51,11,2,27,4,2,3,29,2,7,4,2,1,Before
2020-11-17,165,333300,3,73,45,10,57,51,9,2,27,2,2,2,14,0,7,1,0,0,Before
2020-11-18,317,640340,3,145,65,28,111,127,11,5,62,13,1,11,30,0,10,5,13,2,Before
2020-11-19,267,539340,2,123,63,31,81,87,16,6,56,11,4,4,30,0,10,5,14,1,Before
2020-11-20,195,393900,2,69,31,24,56,68,15,3,34,7,1,2,23,0,9,2,5,4,Before
2020-11-21,171,345420,5,69,38,19,60,65,7,3,43,4,6,8,18,0,14,1,8,3,Before
2020-11-22,170,343400,5,69,46,10,46,67,6,4,40,3,0,3,20,0,10,3,2,0,Before
2020-11-23,199,401980,3,78,47,26,66,65,10,5,37,9,2,6,23,0,11,5,3,1,Before
2020-11-24,280,565600,5,115,76,36,77,97,10,5,47,13,6,6,27,0,8,10,7,6,Before
2020-11-25,194,391880,7,89,40,18,66,72,9,2,43,5,2,4,18,0,6,4,5,2,Before
2020-11-26,185,373700,5,76,48,15,61,71,9,3,44,12,1,1,21,0,14,5,4,3,Before
2020-11-27,165,333300,6,68,47,14,48,65,12,2,46,2,2,2,16,1,9,6,10,1,Before
2020-11-28,190,383800,6,58,46,18,65,65,9,2,43,7,1,0,11,0,6,4,6,2,Before
2020-11-29,209,422180,5,81,48,17,67,72,13,1,41,3,1,4,21,0,8,4,3,1,Before
2020-11-30,270,545400,6,125,58,32,88,97,14,4,45,5,5,5,24,0,11,8,12,5,Before
2020-12-01,365,737300,6,174,65,24,102,136,34,3,66,4,4,7,42,1,18,6,10,4,Before
2020-12-02,340,686800,10,147,62,31,107,118,30,3,57,7,4,2,38,0,13,6,6,4,Before
2020-12-03,284,573680,8,125,61,19,93,102,15,3,60,4,2,2,30,0,16,7,8,3,Before
2020-12-04,177,357540,3,76,45,14,55,68,16,1,32,4,2,1,29,0,7,3,2,1,Before
2020-12-05,194,391880,2,76,38,23,70,62,15,2,41,1,3,7,25,0,8,7,8,2,Before
2020-12-06,200,404000,8,95,42,20,57,85,4,4,39,11,5,2,22,1,7,7,6,2,Before
2020-12-07,194,391880,2,76,47,28,70,81,12,2,42,6,2,4,17,0,12,6,6,0,Before
2020-12-08,228,460560,3,98,46,16,88,86,17,5,37,9,1,5,23,1,6,1,5,5,Before
2020-12-09,207,418140,6,79,51,17,80,70,10,7,48,8,6,3,22,0,15,2,7,3,Before
2020-12-10,194,391880,1,75,49,13,72,75,6,2,41,9,1,3,20,0,11,1,9,2,Before
2020-12-11,174,351480,1,75,35,20,70,50,10,3,34,7,2,3,15,2,10,5,3,1,Before
2020-12-12,159,321180,8,63,34,18,48,56,5,2,45,2,1,2,24,0,4,0,5,0,Before
2020-12-13,159,321180,6,57,36,20,50,48,10,3,33,1,3,1,16,0,10,3,6,2,Before
2020-12-14,172,347440,3,75,35,16,60,56,14,3,31,7,2,1,19,1,11,5,4,4,Before
2020-12-15,155,313100,3,59,50,18,50,50,8,2,23,6,1,1,18,0,5,3,6,0,Before
2020-12-16,166,335320,4,71,51,17,61,66,4,4,33,6,5,3,17,2,7,3,9,0,Before
2020-12-17,154,311080,9,65,40,9,54,57,8,2,25,5,0,3,20,1,6,2,3,4,Before
2020-12-18,162,327240,2,68,32,16,67,52,12,3,29,5,2,1,23,0,6,5,3,0,Before
2020-12-19,181,365620,7,75,54,21,74,76,11,6,42,4,3,3,18,2,12,2,5,2,Before
2020-12-20,154,311080,2,71,36,19,42,52,6,3,35,7,7,1,11,2,3,6,5,2,Before
2020-12-21,166,335320,7,70,45,15,44,55,11,3,29,10,0,3,15,0,11,1,3,1,Before
2020-12-22,157,317140,3,58,38,16,55,56,8,1,26,5,0,4,18,0,9,5,0,4,Before
2020-12-23,150,303000,1,55,41,15,51,57,13,3,33,7,1,1,20,0,7,3,7,2,Before
2020-12-24,115,232300,3,42,26,9,40,45,5,1,23,3,2,2,10,0,4,0,2,2,Before
2020-12-25,119,240380,4,40,24,12,34,45,7,1,25,2,4,2,10,0,11,2,7,3,Before
2020-12-26,143,288860,3,57,35,11,42,60,5,1,31,2,4,4,14,0,6,3,7,2,Before
2020-12-27,143,288860,4,56,36,18,42,54,3,1,29,3,1,4,19,0,6,3,6,4,Before
2020-12-28,157,317140,5,57,45,12,47,49,8,1,36,4,1,7,20,0,7,5,7,1,Before
2020-12-29,156,315120,2,70,33,15,50,62,5,2,24,5,1,4,23,0,10,2,6,5,Before
2020-12-30,144,290880,2,42,35,10,41,50,6,3,23,7,0,6,21,1,7,9,2,3,Before
2020-12-31,130,262600,4,51,43,19,40,54,8,4,21,5,0,1,12,1,11,3,4,1,Before
2021-01-01,112,226352,1,40,34,11,33,40,4,3,22,5,2,3,14,0,10,4,3,2,Before
2021-01-02,142,286982,4,54,34,16,43,48,7,1,21,6,3,3,20,0,6,6,5,2,Before
2021-01-03,119,240499,3,41,25,11,45,46,7,3,19,6,1,5,21,0,7,2,2,3,Before
2021-01-04,160,323360,6,57,29,20,53,60,9,1,31,4,3,3,12,0,11,5,6,3,Before
2021-01-05,160,323360,3,63,43,13,47,56,9,2,31,4,1,2,18,0,11,4,5,3,Before
2021-01-06,160,323360,2,49,36,21,63,51,7,2,25,10,4,9,20,0,7,2,3,1,Before
2021-01-07,173,349633,4,48,33,21,58,53,6,6,26,6,4,8,31,2,7,3,5,5,Before
2021-01-08,163,329423,2,59,34,25,51,64,5,4,24,6,1,2,18,3,14,2,6,0,Before
2021-01-09,141,284961,0,58,36,15,45,57,4,5,30,4,4,2,21,0,6,2,6,1,Before
2021-01-10,140,282940,3,51,36,12,33,61,5,1,32,9,5,5,11,0,6,3,5,5,Before
2021-01-11,152,307192,3,64,38,18,57,54,6,5,32,6,2,7,18,0,9,6,10,4,Before
2021-01-12,164,331444,5,59,42,14,56,52,5,4,27,4,1,2,20,0,12,5,2,5,Before
2021-01-13,155,313255,7,53,32,15,46,54,6,3,28,5,1,1,20,0,7,4,5,4,Before
2021-01-14,158,319318,6,63,25,9,54,49,6,1,25,4,0,2,21,0,7,4,2,3,Before
2021-01-15,140,282940,1,50,33,16,35,36,2,3,28,7,3,0,19,0,6,6,6,1,Before
2021-01-16,125,252625,4,55,27,16,35,45,3,1,20,3,3,3,20,0,5,4,4,4,Before
2021-01-17,123,248583,5,40,32,24,40,45,2,2,25,5,2,1,12,0,6,1,5,0,Before
2021-01-18,151,305171,2,57,36,11,47,53,8,1,31,5,3,2,22,0,6,3,5,3,Before
2021-01-19,149,301129,5,62,49,23,43,43,9,9,24,8,2,4,23,0,6,2,6,1,Before
2021-01-20,131,264751,2,46,38,15,50,50,9,3,28,1,0,3,20,0,5,2,4,1,Before
2021-01-21,163,329423,6,71,48,23,50,65,9,1,29,2,1,1,16,0,10,3,3,2,Before
2021-01-22,168,339528,4,55,38,19,60,50,8,3,34,8,3,4,22,1,7,4,3,1,Before
2021-01-23,135,272835,2,53,44,14,44,50,4,1,22,7,0,3,19,0,5,2,7,3,Before
2021-01-24,149,301129,7,56,37,18,48,59,8,3,28,4,4,3,21,0,7,3,7,1,Before
2021-01-25,159,321339,2,60,37,17,55,50,7,1,36,3,1,1,17,0,7,3,3,2,Before
2021-01-26,167,337507,0,62,47,15,62,62,10,1,36,1,1,4,15,0,10,1,4,1,Before
2021-01-27,154,311234,5,59,41,15,63,42,8,3,23,2,1,4,15,1,10,5,5,2,Before
2021-01-28,126,254646,4,44,40,18,43,41,5,5,21,4,0,5,16,1,3,0,6,0,Before
2021-01-29,157,317297,4,47,34,19,59,40,8,2,33,8,3,2,20,0,8,3,6,4,Before
2021-01-30,139,280919,3,52,32,23,43,42,8,4,26,3,1,4,18,0,8,3,6,2,Before
2021-01-31,121,244541,3,36,39,16,45,50,4,4,27,9,1,5,10,0,2,3,7,3,Before
2021-02-01,136,274856,2,43,35,14,60,49,10,4,32,2,1,1,19,1,12,0,4,0,Before
2021-02-02,150,303150,6,55,36,21,58,43,8,5,22,4,3,3,16,0,7,4,3,3,Before
2021-02-03,173,349633,2,52,44,26,53,52,5,6,30,6,1,7,30,0,2,4,5,1,Before
2021-02-04,140,282940,2,50,38,18,42,46,5,7,27,4,1,4,9,0,6,3,5,2,Before
2021-02-05,133,268793,4,54,35,21,49,44,8,1,18,3,1,1,14,0,5,2,2,2,Before
2021-02-06,124,250604,3,49,38,7,36,52,3,0,25,3,6,4,16,0,9,3,4,2,Before
2021-02-07,138,278898,2,43,37,12,41,52,5,2,25,3,2,1,19,0,2,2,4,0,Before
2021-02-08,106,214226,2,42,37,21,31,29,5,1,16,4,1,1,10,0,2,0,1,0,Before
2021-02-09,136,274856,3,56,45,20,37,53,5,3,26,4,3,1,11,0,10,3,7,2,Before
2021-02-10,148,299108,2,61,31,26,47,46,5,6,35,6,1,1,26,0,5,4,5,1,After
2021-02-11,135,272835,3,52,34,17,49,45,7,1,16,8,3,2,9,0,4,3,3,1,After
2021-02-12,136,274856,2,55,37,11,45,50,4,1,34,6,1,4,19,0,3,5,4,2,After
2021-02-13,118,238478,1,47,35,28,35,34,8,0,20,4,0,1,15,0,6,2,0,4,After
2021-02-14,111,224331,1,37,32,20,33,51,2,0,23,4,2,2,12,1,1,0,1,1,After
2021-02-15,97,196037,4,36,24,17,20,30,6,1,19,5,0,0,13,0,2,3,2,2,After
2021-02-16,91,183911,3,35,23,14,38,33,3,1,19,0,2,2,10,0,0,3,3,0,After
2021-02-17,114,230394,2,45,33,16,34,42,5,0,17,1,2,4,24,0,3,1,3,1,After
2021-02-18,130,262730,7,53,46,12,55,48,10,2,26,3,5,3,14,0,5,4,5,1,After
2021-02-19,127,256667,4,49,31,24,39,26,2,5,19,7,0,3,22,1,3,2,3,2,After
2021-02-20,144,291024,4,55,45,23,43,51,5,4,31,4,2,3,16,0,4,4,3,2,After
2021-02-21,108,218268,1,44,32,19,35,42,6,1,15,3,0,3,17,0,4,4,7,4,After
2021-02-22,147,297087,2,46,44,22,56,51,5,0,24,5,2,6,17,0,8,3,1,1,After
2021-02-23,154,311234,3,64,32,29,55,52,6,3,27,9,3,3,22,0,5,4,5,3,After
2021-02-24,136,274856,5,48,39,23,45,43,4,4,25,10,4,1,15,0,5,1,3,1,After
2021-02-25,162,327402,3,53,45,25,52,52,12,7,26,4,1,4,22,0,5,4,3,3,After
2021-02-26,141,284961,5,46,40,22,50,45,7,1,30,4,3,3,23,0,6,4,5,3,After
2021-02-27,151,305171,4,63,44,15,46,55,5,3,24,4,2,3,17,0,8,2,2,1,After
2021-02-28,134,270814,7,48,41,20,37,53,2,5,23,2,2,2,14,0,5,4,3,4,After
2021-03-01,138,278898,3,54,38,18,41,55,11,2,26,5,4,2,16,0,4,0,4,2,After
2021-03-02,134,270814,3,45,38,25,49,54,5,3,24,2,5,3,15,0,5,4,4,1,After
2021-03-03,146,295066,3,64,41,23,60,48,3,2,33,6,2,4,14,1,5,5,4,1,After
2021-03-04,153,309213,3,50,44,23,46,43,5,2,29,4,3,4,25,0,10,4,5,1,After
2021-03-05,150,303150,4,52,39,24,55,63,3,1,20,5,2,4,21,0,5,2,5,3,After
2021-03-06,129,260709,2,44,26,28,45,46,5,0,29,3,1,0,11,0,4,8,1,2,After
2021-03-07,149,301129,2,45,35,27,41,49,6,2,30,2,2,0,19,1,8,2,3,5,After
2021-03-08,137,276877,8,61,41,21,50,51,6,1,24,4,1,3,12,0,5,1,6,2,After
2021-03-09,147,297087,6,55,38,15,53,53,6,5,24,2,2,0,28,0,3,6,4,1,After
2021-03-10,139,280919,4,56,47,21,52,41,5,6,24,7,1,1,22,0,5,3,2,3,After
2021-03-11,156,315276,3,54,51,24,45,38,7,0,27,9,2,5,24,0,3,1,2,2,After
2021-03-12,115,232415,2,44,33,12,42,34,4,3,18,2,2,3,12,2,3,3,2,1,After
2021-03-13,114,230394,4,42,25,13,43,38,7,2,24,5,1,0,10,0,6,1,5,0,After
2021-03-14,138,278898,3,53,34,22,46,54,6,2,26,5,5,4,17,0,5,7,11,4,After
2021-03-15,126,254646,2,45,36,14,49,44,5,4,25,4,1,1,15,0,6,2,7,3,After
2021-03-16,123,248583,2,43,33,15,43,45,7,1,27,1,0,2,10,0,5,2,2,1,After
2021-03-17,133,268793,2,41,34,11,57,49,5,5,24,5,4,5,15,0,1,7,3,2,After
2021-03-18,121,244541,6,41,38,19,41,45,8,5,27,1,4,2,15,0,4,3,8,4,After
2021-03-19,124,250604,4,44,33,14,47,47,7,1,26,7,4,1,20,0,2,1,9,3,After
2021-03-20,131,264751,8,51,36,18,44,36,4,2,32,5,3,2,12,1,2,2,6,1,After
2021-03-21,108,218268,5,36,28,16,42,37,6,0,14,5,4,4,16,0,2,7,3,2,After
2021-03-22,127,256667,3,45,35,21,47,41,8,2,24,5,1,1,19,0,2,1,3,1,After
2021-03-23,142,286982,5,62,38,11,47,38,4,1,19,3,1,1,26,0,2,3,4,3,After
2021-03-24,150,303150,3,46,46,26,60,55,7,5,25,7,1,2,19,0,7,3,1,3,After
2021-03-25,118,238478,1,55,36,13,37,30,5,2,28,5,2,0,15,0,1,4,2,1,After
2021-03-26,125,252625,2,43,25,19,57,43,6,3,20,4,1,1,13,0,3,3,1,1,After
2021-03-27,112,226352,6,37,29,16,35,35,2,1,22,4,2,3,16,0,0,2,2,3,After
2021-03-28,119,240499,2,39,33,21,37,39,2,0,22,6,3,1,19,0,4,0,0,2,After
2021-03-29,120,242520,7,42,33,15,36,41,2,1,20,5,3,2,16,1,5,2,3,1,After
2021-03-30,118,238478,1,48,37,12,46,44,6,0,21,6,2,1,18,0,1,4,2,2,After
2021-03-31,131,264751,1,57,41,16,53,45,5,1,27,7,1,2,14,1,8,1,4,0,After
2021-04-01,123,248583,2,53,33,18,49,40,1,3,19,1,2,1,13,1,2,1,2,2,After
2021-04-02,117,236457,3,41,40,16,40,44,4,2,26,5,0,5,17,1,4,2,0,1,After
2021-04-03,123,248583,4,54,27,15,33,38,6,1,31,3,2,2,14,0,1,6,5,1,After
2021-04-04,142,286982,4,48,32,26,43,51,7,1,29,6,5,6,11,0,1,3,7,5,After
2021-04-05,128,258688,1,46,39,12,39,47,2,2,27,7,2,2,18,0,5,4,3,4,After
2021-04-06,159,321339,1,68,43,24,49,51,5,3,28,10,2,2,21,1,4,5,4,3,After
2021-04-07,142,286982,8,55,32,14,54,49,5,2,23,7,3,1,16,0,2,6,3,1,After
2021-04-08,126,254646,3,52,33,16,49,46,5,0,29,12,1,2,14,0,1,3,5,3,After
2021-04-09,141,284961,5,48,37,20,36,41,6,2,29,4,3,1,15,0,2,8,5,1,After
2021-04-10,134,270814,5,46,32,23,56,42,10,2,32,9,3,3,20,0,3,5,5,0,After
2021-04-11,134,270814,4,44,38,20,43,52,5,4,18,7,2,5,11,0,1,3,2,2,After
2021-04-12,161,325381,2,58,39,22,58,50,3,3,29,10,5,3,16,1,3,3,4,3,After
2021-04-13,203,410263,5,85,59,35,69,68,12,6,54,5,5,4,21,1,3,3,6,2,After
2021-04-14,143,289003,1,62,47,24,47,41,10,4,34,4,2,2,20,1,2,3,3,3,After
2021-04-15,145,293045,4,56,45,29,46,37,11,4,27,7,3,1,19,1,0,2,5,1,After
2021-04-16,155,313255,2,61,42,22,54,51,10,0,33,3,1,1,14,0,1,6,10,3,After
2021-04-17,145,293045,3,46,44,17,44,49,6,3,29,7,2,5,20,0,2,7,6,2,After
2021-04-18,102,206142,3,35,32,13,32,45,3,2,21,4,2,0,7,0,1,3,3,2,After
2021-04-19,138,278898,3,47,38,28,42,43,4,3,18,5,0,3,17,0,2,2,6,3,After
2021-04-20,138,278898,5,58,44,19,50,46,5,8,24,5,1,5,19,0,1,5,3,1,After
2021-04-21,133,268793,2,57,40,17,30,39,5,5,26,7,2,4,21,0,2,8,4,3,After
2021-04-22,154,311234,2,45,40,24,58,48,3,6,36,2,1,3,19,0,1,7,4,2,After
2021-04-23,137,276877,5,55,36,22,60,60,9,4,33,6,3,3,20,0,1,7,5,1,After
2021-04-24,126,254646,2,62,31,20,48,43,8,2,30,4,1,2,14,0,1,1,2,0,After
2021-04-25,131,264751,4,48,38,18,41,52,7,2,36,5,2,3,17,0,1,6,4,3,After
2021-04-26,132,266772,3,43,29,20,41,48,9,1,18,2,1,5,9,0,2,1,0,1,After
2021-04-27,124,250604,3,49,39,27,49,42,7,4,24,6,0,1,21,0,0,3,3,2,After
2021-04-28,155,313255,5,63,32,21,61,55,5,4,35,6,1,1,19,0,2,8,8,1,After
2021-04-29,139,280919,3,50,42,19,47,52,4,3,29,9,6,2,26,0,4,6,7,2,After
2021-04-30,120,242520,1,48,39,22,40,43,5,3,22,9,1,1,12,0,1,3,7,1,After
2021-05-01,141,284961,5,54,37,20,53,54,5,2,33,7,2,4,16,1,3,6,5,4,After
2021-05-02,152,307192,5,51,44,22,42,46,4,3,30,5,3,2,19,0,3,3,5,1,After
2021-05-03,148,299108,1,65,37,24,48,49,2,6,26,6,1,2,24,1,1,3,5,3,After
2021-05-04,134,270814,1,46,34,17,44,46,5,5,30,6,0,4,18,0,2,1,4,2,After
2021-05-05,124,250604,7,44,32,20,43,36,4,1,22,4,3,3,9,0,4,7,5,3,After
2021-05-06,136,274856,5,54,34,24,56,49,7,5,31,9,0,2,16,1,1,8,1,3,After
2021-05-07,142,286982,3,49,40,22,40,52,7,4,27,5,2,3,14,0,5,5,4,1,After
2021-05-08,133,268793,6,44,35,21,42,54,9,1,33,9,3,4,17,1,1,3,9,0,After
2021-05-09,154,311234,1,49,40,27,42,61,7,3,33,13,2,3,21,0,1,4,3,5,After
2021-05-10,159,321339,5,66,41,18,45,57,11,1,33,6,2,4,21,1,1,7,1,0,After
2021-05-11,154,311234,2,58,45,22,54,47,5,4,26,11,2,3,19,0,2,5,4,0,After
2021-05-12,154,311234,7,61,45,15,44,59,8,3,31,5,2,4,17,1,2,3,6,3,After
2021-05-13,154,311234,1,54,52,18,59,44,7,6,38,3,2,3,24,1,2,5,5,2,After
2021-05-14,145,293045,4,50,33,23,49,56,5,4,20,5,3,2,13,0,1,5,6,1,After
2021-05-15,142,286982,7,48,39,18,41,52,4,3,36,2,3,4,12,0,1,4,4,2,After
2021-05-16,140,282940,3,50,48,20,39,52,8,3,34,1,1,5,19,2,1,1,5,4,After
2021-05-17,144,291024,4,56,43,26,57,47,6,2,30,6,1,0,20,0,0,4,6,2,After
2021-05-18,159,321339,8,66,47,19,60,57,9,5,36,6,6,4,20,0,1,5,8,1,After
2021-05-19,147,297087,2,53,43,26,52,56,4,5,33,5,2,4,18,0,0,7,4,3,After
2021-05-20,154,311234,4,53,41,19,52,49,7,3,25,4,4,6,19,1,5,2,5,1,After
2021-05-21,125,252625,5,41,31,17,50,45,8,5,29,5,2,2,13,0,3,3,8,3,After
2021-05-22,139,280919,6,51,42,19,46,41,6,4,30,4,3,3,23,1,2,1,1,0,After
2021-05-23,134,270814,4,41,30,19,37,50,4,4,24,3,5,3,15,2,2,3,5,1,After
2021-05-24,136,274856,1,56,39,21,44,50,5,5,31,5,0,2,21,0,1,1,4,4,After
2021-05-25,151,305171,5,53,44,19,41,54,13,6,26,5,1,5,20,1,1,5,5,2,After
2021-05-26,156,315276,6,62,41,16,56,54,4,3,31,6,3,2,22,0,2,1,6,0,After
2021-05-27,149,301129,5,57,45,26,47,55,6,5,40,7,0,4,21,0,1,2,4,0,After
2021-05-28,123,248583,4,42,24,21,38,41,7,3,24,9,0,1,24,0,3,3,4,3,After
2021-05-29,117,236457,4,38,38,18,31,46,11,0,21,4,1,2,12,0,2,0,1,2,After
2021-05-30,136,274856,4,43,36,29,48,53,2,3,23,7,3,4,14,0,0,5,5,2,After
2021-05-31,114,230394,3,46,35,17,48,40,6,2,26,6,1,1,14,1,1,2,2,2,After
2021-06-01,150,303150,0,58,31,20,46,52,8,3,26,4,2,3,14,1,1,3,5,1,After
2021-06-02,138,278898,5,44,35,18,47,50,6,3,31,4,5,2,27,1,3,4,7,2,After
2021-06-03,139,280919,4,48,40,25,39,63,5,2,32,6,3,2,15,0,2,4,7,3,After
2021-06-04,152,307192,2,52,43,27,44,50,15,4,30,4,5,4,17,0,2,5,5,2,After
2021-06-05,125,252625,4,43,32,14,45,42,8,0,31,9,1,5,18,1,1,4,7,2,After
2021-06-06,109,220289,2,43,22,18,33,42,6,3,27,2,2,3,19,1,1,1,5,4,After
2021-06-07,165,333465,5,50,43,23,55,57,12,0,30,7,2,3,21,0,0,7,7,2,After
2021-06-08,114,230394,4,37,30,15,44,39,3,0,26,7,1,3,11,0,1,2,2,3,After
2021-06-09,142,286982,0,61,41,29,57,51,7,2,33,4,2,3,18,0,0,2,4,1,After
2021-06-10,113,228373,4,38,32,15,42,35,3,2,22,6,4,6,13,1,0,2,10,9,After
2021-06-11,131,264751,6,50,30,19,52,48,5,3,26,5,1,3,9,0,0,3,1,2,After
2021-06-12,117,236457,4,41,30,11,43,51,8,1,25,4,6,2,18,0,0,3,7,2,After
2021-06-13,141,284961,3,42,42,19,36,48,4,3,27,5,2,4,21,0,0,1,6,2,After
2021-06-14,118,238478,1,43,30,13,39,46,6,2,32,4,3,0,14,0,0,4,7,0,After
2021-06-15,138,278898,3,49,34,20,48,44,4,3,32,8,3,4,17,2,1,5,5,2,After
2021-06-16,118,238478,5,44,27,12,45,35,9,2,26,6,2,2,20,1,1,2,6,5,After
2021-06-17,129,260709,1,41,29,19,43,41,9,1,31,5,2,5,17,0,1,2,7,0,After
2021-06-18,131,264751,8,49,36,22,46,52,6,2,33,5,3,0,23,0,1,7,8,1,After
2021-06-19,130,262730,1,46,33,17,48,52,7,4,28,8,1,3,23,0,2,3,3,4,After
2021-06-20,144,291024,4,63,31,20,48,64,11,1,38,6,4,1,18,0,0,2,5,4,After
2021-06-21,143,289003,2,50,42,21,43,50,8,1,30,6,4,6,20,0,0,4,5,2,After
2021-06-22,122,246562,3,46,33,15,41,49,6,3,27,6,1,2,18,0,1,5,3,1,After
2021-06-23,141,284961,3,50,38,20,46,52,12,2,39,7,0,3,15,0,2,2,2,1,After
2021-06-24,129,260709,5,43,30,22,42,50,5,3,28,9,3,2,16,0,0,1,10,1,After
2021-06-25,140,282940,4,52,41,29,44,59,8,4,31,3,2,3,10,0,1,7,5,1,After
2021-06-26,113,228373,1,46,33,20,31,35,9,0,31,3,1,2,19,3,0,3,2,0,After
2021-06-27,139,280919,6,37,44,24,34,42,2,3,23,4,2,0,18,0,1,4,5,4,After
2021-06-28,125,252625,6,54,40,18,48,51,6,5,31,7,8,1,22,0,0,3,6,2,After
2021-06-29,135,272835,3,40,39,24,36,32,12,1,23,9,1,5,17,1,0,6,1,2,After
2021-06-30,126,254646,5,39,25,22,50,48,6,3,21,5,3,3,16,0,1,5,6,2,After
2021-07-01,132,266772,3,48,33,23,41,40,11,1,23,7,1,6,15,0,0,1,4,4,After
2021-07-02,137,276877,3,52,36,19,46,54,8,0,28,4,1,4,20,0,0,3,4,0,After
2021-07-03,136,274856,4,49,37,16,40,48,4,0,25,5,0,4,20,0,1,3,4,1,After
2021-07-04,109,220289,4,39,24,7,42,42,6,1,25,6,0,4,12,1,0,3,4,1,After
2021-07-05,113,228373,6,45,28,10,43,39,3,1,22,5,2,4,13,1,2,3,4,3,After
2021-07-06,118,238478,3,38,23,16,36,34,6,2,24,6,3,6,14,0,1,3,4,1,After
2021-07-07,130,262730,1,45,25,24,45,42,8,2,32,5,4,4,13,0,2,2,6,1,After
2021-07-08,127,256667,0,49,35,23,44,47,2,3,28,7,3,1,17,0,2,2,9,1,After
2021-07-09,113,228373,3,35,27,18,38,39,16,3,23,4,4,4,17,0,1,7,6,2,After
2021-07-10,92,185932,2,32,24,10,35,32,6,1,19,4,1,0,11,0,0,2,4,3,After
2021-07-11,102,206142,3,39,27,13,25,46,5,0,17,2,2,0,17,0,0,0,3,1,After
2021-07-12,120,242520,0,35,46,23,25,40,5,1,20,4,0,1,22,0,0,1,4,3,After
2021-07-13,122,246562,1,53,28,20,44,46,4,3,27,5,3,5,11,0,0,2,6,1,After
2021-07-14,139,280919,2,46,36,23,44,56,5,2,27,4,5,7,23,0,1,4,5,5,After
2021-07-15,159,321339,1,69,48,18,61,57,9,1,44,7,1,0,19,0,1,3,6,2,After
2021-07-16,130,262730,1,54,35,30,42,43,4,1,36,9,1,3,17,0,2,4,3,1,After
2021-07-17,117,236457,4,44,29,14,34,37,9,1,21,7,0,3,14,0,1,3,1,1,After
2021-07-18,139,280919,7,40,33,15,40,54,9,2,28,9,2,6,12,0,4,6,5,2,After
2021-07-19,112,226352,4,33,35,19,34,37,2,0,16,5,1,1,17,0,1,3,4,2,After
2021-07-20,112,226352,7,45,31,19,42,37,6,1,28,7,2,1,20,0,2,1,4,0,After
2021-07-21,120,242520,3,39,36,20,38,44,4,5,27,9,0,4,14,0,2,5,5,2,After
2021-07-22,128,258688,6,46,41,27,47,44,6,2,18,7,1,1,16,0,0,4,4,2,After
2021-07-23,119,240499,5,44,35,29,30,47,9,3,34,7,0,1,10,1,1,2,4,0,After
2021-07-24,126,254646,2,37,35,17,45,54,5,2,23,8,2,2,12,0,1,6,6,1,After
2021-07-25,117,236457,5,42,33,9,32,46,7,1,21,6,5,3,23,0,1,3,6,4,After
2021-07-26,126,254646,3,44,39,15,34,41,8,7,23,10,1,1,10,0,2,5,4,5,After
2021-07-27,134,270814,5,44,35,26,38,45,3,2,27,16,2,4,17,0,2,4,3,1,After
2021-07-28,139,280919,2,37,34,14,48,49,5,5,25,11,3,3,19,1,3,3,1,1,After
2021-07-29,146,295066,5,48,35,15,47,57,8,3,33,6,2,1,25,0,2,9,8,1,After
2021-07-30,127,256667,2,45,30,20,29,40,7,3,32,5,4,3,19,0,3,2,6,3,After
2021-07-31,130,262730,2,48,34,22,45,45,4,3,28,4,2,5,22,0,2,7,3,2,After
2021-08-01,152,307192,5,54,46,21,45,55,6,2,24,7,4,2,26,0,4,3,4,0,After
2021-08-02,115,232415,1,46,32,16,37,43,4,0,23,1,1,3,20,0,2,3,9,2,After
2021-08-03,158,319318,3,50,38,18,54,43,4,6,37,6,4,3,21,0,2,4,6,4,After
2021-08-04,110,222310,4,36,32,24,42,39,5,1,31,4,2,4,9,0,0,3,3,3,After
2021-08-05,137,276877,3,62,31,22,40,43,10,2,31,5,2,4,22,1,1,6,4,2,After
2021-08-06,123,248583,3,37,27,26,34,38,10,5,35,10,5,0,16,0,4,4,8,2,After
2021-08-07,115,232415,3,34,25,19,49,43,8,2,14,5,3,2,17,0,2,7,4,2,After
2021-08-08,125,252625,3,33,26,19,44,41,8,8,23,6,2,3,17,0,2,1,2,1,After
2021-08-09,124,250604,2,40,28,23,43,46,6,2,23,5,2,2,21,0,3,0,5,4,After
2021-08-10,121,244541,1,31,30,17,45,39,5,2,27,2,3,2,25,0,2,3,5,1,After
2021-08-11,128,258688,4,37,26,20,51,48,2,2,23,5,0,1,16,0,4,2,6,0,After
2021-08-12,125,252625,1,42,29,12,50,38,8,7,29,5,1,3,22,1,3,0,2,5,After
2021-08-13,114,230394,1,38,29,14,42,35,6,5,15,2,1,4,19,0,2,1,5,3,After
2021-08-14,131,264751,4,39,23,21,48,51,14,0,35,2,1,2,15,0,3,4,6,2,After
2021-08-15,139,280919,7,51,35,18,36,44,5,5,22,10,2,2,19,0,4,4,4,1,After
2021-08-16,123,248583,1,34,47,17,43,41,5,5,21,6,0,2,16,0,5,6,2,3,After
2021-08-17,125,252625,0,48,25,19,38,55,6,3,27,3,3,2,23,0,0,7,8,3,After
2021-08-18,142,286982,4,51,36,14,54,45,7,8,33,6,1,2,15,1,0,4,2,1,After
2021-08-19,138,278898,2,45,36,24,45,47,5,5,30,8,3,2,21,1,3,5,4,2,After
2021-08-20,111,224331,6,47,34,19,42,36,10,6,26,2,2,2,16,0,4,4,7,1,After
2021-08-21,104,210184,2,38,27,15,38,30,3,2,19,4,2,0,13,0,3,3,3,1,After
2021-08-22,139,280919,1,42,30,20,46,37,8,2,29,8,1,4,10,0,4,2,7,3,After
2021-08-23,103,208163,2,35,29,18,40,25,3,2,19,3,1,3,8,0,4,1,4,1,After
2021-08-24,137,276877,2,42,35,16,57,49,5,3,21,3,4,2,13,1,3,1,6,1,After
2021-08-25,153,309213,5,56,33,23,57,52,8,3,35,3,3,3,18,0,4,3,8,3,After
2021-08-26,164,331444,2,52,43,19,61,47,7,4,26,10,1,0,23,2,4,4,6,3,After
2021-08-27,149,301129,3,56,43,15,49,51,6,5,50,5,4,2,22,0,5,6,5,5,After
2021-08-28,128,258688,5,58,30,8,39,58,12,1,37,4,4,6,16,0,1,3,8,1,After
2021-08-29,157,317297,4,41,30,17,34,55,15,0,40,10,5,4,24,1,6,4,4,4,After
2021-08-30,162,327402,3,48,42,29,67,52,6,3,23,7,0,1,25,0,2,4,5,2,After
2021-08-31,134,270814,1,56,38,21,44,50,5,6,29,9,0,3,19,0,4,2,7,2,After
2021-09-01,145,293045,2,39,36,20,53,49,3,4,26,8,1,1,17,0,4,5,2,2,After
2021-09-02,151,305171,4,51,48,13,51,46,7,5,30,6,2,4,20,0,3,4,9,3,After
2021-09-03,139,280919,5,52,34,18,45,44,7,3,27,5,3,4,14,1,4,2,4,2,After
2021-09-04,111,224331,3,39,30,22,40,49,7,5,24,6,3,1,11,0,3,5,5,2,After
2021-09-05,130,262730,4,45,36,11,45,54,6,1,27,1,2,2,22,0,1,7,3,2,After
2021-09-06,113,228373,2,44,33,12,36,38,4,0,24,4,2,2,21,0,1,3,5,0,After
2021-09-07,141,284961,1,54,43,16,45,56,4,3,37,3,1,3,20,0,3,3,1,0,After
2021-09-08,168,339528,5,68,41,23,69,59,13,5,43,5,4,4,20,4,3,4,4,1,After
2021-09-09,156,315276,5,51,38,29,64,46,13,8,36,8,0,9,19,1,3,4,9,4,After
2021-09-10,147,297087,4,51,34,24,52,44,8,3,40,4,1,1,21,0,5,4,1,2,After
2021-09-11,122,246562,2,32,21,14,37,39,8,5,24,7,3,2,22,0,1,2,10,0,After
2021-09-12,160,323360,3,67,47,23,42,56,5,3,34,3,3,1,20,0,1,3,6,5,After
2021-09-13,154,311234,3,51,45,27,62,50,5,6,27,8,2,5,23,0,1,4,4,6,After
2021-09-14,144,291024,5,54,33,18,51,53,13,1,27,5,3,4,17,0,2,3,3,3,After
2021-09-15,163,329423,2,51,53,25,59,62,11,1,39,4,2,2,16,0,2,3,3,1,After
2021-09-16,156,315276,4,51,43,21,49,39,8,4,33,5,2,1,25,0,1,3,2,2,After
2021-09-17,131,264751,1,47,34,16,42,38,8,3,30,7,0,2,22,0,1,3,3,4,After
2021-09-18,121,244541,1,40,21,17,42,41,10,3,27,8,2,4,14,1,2,4,3,0,After
2021-09-19,140,282940,5,41,36,17,46,38,8,3,28,9,2,2,27,0,4,0,3,2,After
2021-09-20,152,307192,3,38,38,30,58,48,2,1,28,6,1,0,17,0,3,7,4,4,After
2021-09-21,125,252625,1,41,30,21,47,27,3,1,18,5,0,1,20,1,2,2,3,2,After
2021-09-22,144,291024,3,63,55,21,50,45,6,3,29,7,2,1,18,3,1,5,9,5,After
2021-09-23,163,329423,3,61,42,18,63,66,7,7,30,7,1,2,22,0,1,3,4,3,After
2021-09-24,136,274856,4,48,29,18,46,44,7,2,28,3,4,2,22,0,2,5,6,0,After
2021-09-25,128,258688,4,33,36,18,41,46,7,5,28,9,3,3,19,0,1,4,5,2,After
2021-09-26,128,258688,3,42,30,19,39,48,7,3,26,7,1,1,13,0,1,3,7,2,After
2021-09-27,132,266772,3,46,32,21,38,46,6,3,26,6,1,2,22,0,1,4,6,2,After
2021-09-28,160,323360,3,57,50,22,55,48,3,1,33,9,0,2,21,0,1,4,1,2,After
2021-09-29,153,309213,4,60,41,20,58,54,7,5,34,6,2,5,26,0,3,3,3,2,After
2021-09-30,148,299108,3,44,41,26,48,58,12,1,24,2,1,2,21,0,4,5,4,4,After
2021-10-01,139,280919,4,49,41,21,58,42,9,3,28,6,3,3,13,0,2,5,2,1,After
2021-10-02,115,232415,3,44,25,14,38,39,4,1,34,4,3,1,20,0,0,1,6,0,After
2021-10-03,153,309213,2,63,35,23,58,45,9,1,35,3,3,3,24,0,3,6,5,1,After
2021-10-04,161,325381,3,66,53,30,49,55,11,11,49,8,4,3,20,0,2,4,11,2,After
2021-10-05,130,262730,5,46,31,21,45,44,9,5,25,1,2,3,15,0,1,2,4,0,After
2021-10-06,139,280919,3,55,38,21,61,43,9,5,35,6,2,1,13,1,1,1,2,4,After
2021-10-07,136,274856,5,60,46,23,54,41,6,3,29,4,1,2,21,0,1,1,8,2,After
2021-10-08,145,293045,2,49,42,21,53,52,4,3,36,7,4,2,21,0,3,1,5,5,After
2021-10-09,123,248583,3,41,28,17,31,37,6,8,20,3,1,1,22,1,0,4,8,1,After
2021-10-10,121,244541,1,29,24,22,36,45,3,5,23,7,4,4,9,0,1,6,7,3,After
2021-10-11,118,238478,3,41,29,17,46,48,5,5,22,5,0,3,11,0,1,2,5,1,After
2021-10-12,149,301129,4,52,32,18,50,54,6,2,31,4,3,5,17,1,0,6,3,2,After
2021-10-13,155,313255,3,57,46,23,58,45,7,5,31,11,2,3,18,0,1,3,8,1,After
2021-10-14,160,323360,4,56,38,13,58,57,5,2,29,7,2,2,21,0,1,7,9,2,After
2021-10-15,168,339528,6,60,30,16,59,56,8,5,30,3,3,3,19,0,3,7,8,1,After
2021-10-16,147,297087,4,49,32,11,47,55,5,1,38,5,2,2,23,0,3,2,4,2,After
2021-10-17,142,286982,9,48,35,22,42,47,4,2,33,6,1,5,16,1,1,3,5,6,After
2021-10-18,160,323360,4,62,44,23,58,58,5,6,34,6,2,3,21,1,0,3,4,0,After
2021-10-19,144,291024,2,63,41,23,51,42,12,1,31,2,5,6,12,0,5,3,5,0,After
2021-10-20,166,335486,6,54,33,21,58,54,9,6,35,4,2,4,22,0,1,1,4,0,After
2021-10-21,152,307192,2,52,38,13,51,49,6,4,30,3,0,1,20,2,1,4,3,0,After
2021-10-22,133,268793,3,44,28,18,52,36,7,8,33,5,1,3,12,1,1,3,4,1,After
2021-10-23,143,289003,6,56,39,21,43,47,7,6,30,10,6,2,18,0,4,3,4,3,After
2021-10-24,138,278898,4,49,41,21,44,38,9,5,27,4,2,2,16,0,1,6,3,2,After
2021-10-25,159,321339,8,58,29,24,51,59,11,3,40,10,4,0,25,0,0,3,7,2,After
2021-10-26,185,373885,8,73,46,32,70,64,6,2,36,8,0,3,16,1,2,5,9,2,After
2021-10-27,169,341549,8,57,47,24,60,48,17,7,34,9,1,4,22,0,1,4,5,1,After
2021-10-28,167,337507,3,65,39,18,63,48,5,5,32,10,4,1,10,0,1,3,5,0,After
2021-10-29,126,254646,4,41,28,14,35,39,1,5,29,5,1,4,12,0,1,6,1,3,After
2021-10-30,138,278898,2,55,38,22,50,44,5,4,31,10,5,1,19,0,2,4,7,6,After
2021-10-31,117,236457,2,42,39,19,38,42,8,3,26,1,4,2,17,0,0,1,4,3,After
2021-11-01,128,258688,4,45,42,14,38,45,12,3,27,4,2,1,17,2,0,7,3,2,After
2021-11-02,168,339528,4,57,47,25,44,48,5,1,29,6,4,6,26,3,1,3,9,5,After
2021-11-03,166,335486,2,54,49,31,67,47,6,7,41,7,1,6,20,0,1,7,5,3,After
2021-11-04,163,329423,4,55,31,23,45,56,9,7,26,4,2,2,23,0,3,3,3,1,After
2021-11-05,120,242520,2,36,33,17,30,32,10,6,24,5,2,0,20,0,1,3,8,2,After
2021-11-06,99,200079,4,34,24,16,31,40,5,3,24,4,2,2,13,0,0,3,8,0,After
2021-11-07,159,321339,1,54,51,25,45,51,11,4,43,15,2,3,18,0,2,2,2,0,After
2021-11-08,179,361759,0,59,46,23,72,49,8,6,31,19,1,3,28,0,1,4,8,1,After
2021-11-09,155,313255,3,49,43,10,54,42,9,4,39,10,2,1,33,0,1,2,4,2,After
2021-11-10,179,361759,2,58,32,26,65,49,21,5,36,7,4,3,20,0,1,8,10,2,After
2021-11-11,271,547691,3,90,49,27,89,107,20,10,60,8,3,4,42,1,0,6,5,9,After
2021-11-12,186,375906,2,70,43,19,59,54,11,6,49,7,0,3,33,0,1,3,3,1,After
2021-11-13,143,289003,5,55,36,18,45,54,7,4,32,4,4,5,12,1,0,6,4,2,After
2021-11-14,158,319318,6,64,45,16,51,69,18,4,46,6,6,1,13,0,1,6,7,3,After
2021-11-15,155,313255,4,48,32,20,46,45,14,9,34,6,4,1,31,2,2,3,3,4,After
2021-11-16,139,280919,2,49,38,17,48,48,12,2,31,5,4,3,13,0,1,4,5,4,After
2021-11-17,146,295066,5,58,36,16,45,48,7,2,28,12,0,2,22,0,0,5,5,0,After
2021-11-18,145,293045,4,47,36,21,44,49,3,1,28,5,2,0,16,0,0,1,5,3,After
2021-11-19,127,256667,5,48,32,19,45,50,7,3,30,7,3,4,17,0,0,1,7,1,After
2021-11-20,127,256667,2,44,35,16,45,49,3,5,19,4,5,4,13,0,0,5,7,3,After
2021-11-21,141,284961,3,61,36,18,41,50,9,2,24,12,4,2,11,0,1,3,8,2,After
2021-11-22,144,291024,3,54,34,22,54,51,6,2,28,1,3,0,19,1,0,6,8,5,After
2021-11-23,121,244541,4,41,26,15,36,42,4,0,23,3,4,2,16,0,3,2,6,1,After
2021-11-24,125,252625,1,44,28,17,51,49,4,2,26,7,1,2,12,0,0,3,4,1,After
2021-11-25,102,206142,1,32,27,19,34,48,7,0,20,2,1,2,5,0,0,0,2,1,After
2021-11-26,91,183911,2,36,38,21,27,32,4,1,17,1,0,1,10,0,0,1,2,1,After
2021-11-27,118,238478,5,44,35,16,33,41,4,4,28,3,5,0,15,0,1,1,5,2,After
2021-11-28,125,252625,0,49,33,23,43,55,1,1,29,3,1,3,13,0,0,1,3,1,After
2021-11-29,128,258688,2,44,37,17,37,45,3,3,18,7,3,3,16,1,1,4,5,0,After
2021-11-30,116,234436,4,41,39,23,38,28,7,5,26,7,1,6,13,0,1,1,5,2,After
2021-12-01,149,301129,3,55,50,21,41,45,6,4,31,5,3,1,20,1,0,5,7,0,After
2021-12-02,141,284961,3,45,42,21,46,48,4,2,35,3,3,4,20,1,1,4,4,4,After
2021-12-03,113,228373,4,43,22,20,44,39,6,3,22,8,3,1,13,0,1,2,4,0,After
2021-12-04,100,202100,2,35,29,16,30,31,4,3,23,3,0,1,17,0,0,4,3,2,After
2021-12-05,137,276877,2,50,28,17,37,50,5,4,29,7,4,4,18,1,1,6,5,1,After
2021-12-06,130,262730,1,36,33,20,50,38,10,10,23,6,2,1,19,1,1,7,6,0,After
2021-12-07,145,293045,6,57,38,20,55,44,9,1,27,5,2,1,13,0,0,2,3,1,After
2021-12-08,169,341549,4,70,40,22,51,73,14,2,44,8,3,2,25,1,1,9,6,4,After
2021-12-09,227,458767,2,100,51,27,72,87,21,0,50,6,4,0,31,0,0,4,7,4,After
2021-12-10,266,537586,6,121,54,36,85,94,15,3,52,9,5,5,36,1,1,10,5,5,After
2021-12-11,196,396116,9,81,49,14,52,71,12,3,52,4,1,1,18,0,1,4,5,5,After
2021-12-12,181,365801,7,71,34,26,46,66,10,1,40,10,1,1,13,0,3,4,6,1,After
2021-12-13,179,361759,5,75,47,23,54,56,8,6,36,5,5,1,18,1,1,2,3,1,After
2021-12-14,183,369843,5,76,45,16,46,65,14,4,37,6,2,4,23,1,0,4,4,2,After
2021-12-15,158,319318,4,70,35,14,50,57,13,1,42,0,1,1,20,0,2,0,1,0,After
2021-12-16,140,282940,4,58,32,23,36,49,9,3,25,1,1,2,22,0,0,0,5,3,After
2021-12-17,134,270814,4,52,38,24,36,55,5,4,27,2,1,1,18,0,2,2,4,2,After
2021-12-18,113,228373,2,40,30,15,28,49,8,1,24,7,0,1,13,0,1,1,7,3,After
2021-12-19,147,297087,6,57,28,22,57,60,6,4,23,0,4,3,16,0,0,5,4,3,After
2021-12-20,162,327402,6,68,26,22,44,47,8,4,36,7,1,1,24,1,0,2,9,2,After
2021-12-21,109,220289,4,50,25,14,34,39,4,1,18,3,2,2,14,0,0,2,4,1,After
2021-12-22,112,226352,3,37,26,14,25,44,9,2,24,4,3,1,17,0,2,2,5,1,After
2021-12-23,129,260709,3,37,25,20,37,45,6,5,24,6,3,2,19,1,4,4,5,2,After
2021-12-24,127,256667,5,40,27,17,29,49,3,2,23,8,1,1,14,1,4,5,1,0,After
2021-12-25,101,204121,2,43,24,13,31,48,9,0,28,4,1,2,12,0,1,0,4,6,After
2021-12-26,98,198058,4,37,22,11,32,41,7,1,25,3,0,4,11,0,3,2,3,1,After
2021-12-27,131,264751,8,54,36,17,42,58,8,2,32,5,3,1,10,0,3,3,4,1,After
2021-12-28,124,250604,3,43,28,19,34,39,5,2,23,3,2,2,25,0,2,5,4,0,After
2021-12-29,119,240499,6,46,27,9,37,47,11,3,23,3,1,1,18,0,2,0,2,1,After
2021-12-30,106,214226,2,34,22,16,31,41,3,1,21,7,4,3,14,0,5,0,8,3,After
2021-12-31,135,272835,5,47,29,26,42,46,13,5,31,3,0,4,12,1,2,3,1,2,After
2022-01-01,114,230508,6,44,33,18,37,41,7,1,30,2,1,1,15,0,3,3,2,0,After
2022-01-02,115,232530,2,35,27,13,31,43,5,5,28,5,1,2,13,0,4,6,2,5,After
2022-01-03,123,248706,3,47,33,18,40,56,4,2,27,5,0,6,11,0,4,2,2,4,After
2022-01-04,123,248706,3,49,28,19,43,48,10,3,33,6,2,1,20,0,3,2,6,4,After
2022-01-05,140,283080,5,43,32,17,47,45,7,0,30,3,2,3,16,0,6,1,3,3,After
2022-01-06,129,260838,3,51,25,16,51,48,11,2,27,2,0,2,18,0,7,5,6,3,After
2022-01-07,128,258816,3,43,29,16,42,52,7,0,27,4,1,0,25,1,3,1,3,5,After
2022-01-08,126,254772,4,33,25,9,35,42,10,0,27,2,2,2,22,0,4,1,8,2,After
2022-01-09,124,250728,4,31,27,11,37,47,10,5,21,2,0,4,20,0,2,2,1,0,After
2022-01-10,142,287124,8,43,31,17,44,58,9,6,25,6,5,5,25,0,5,3,2,2,After
2022-01-11,38,76836,2,14,11,5,11,16,1,0,6,1,2,2,4,0,0,1,1,1,After
